Definition: ," Among women with a live birth or a stillbirth in the last 2 years, the percentage that had a urine sample taken.",,,,,,,
Denominator, Women who have had a live birth or a stillbirth in the 2 years preceding the survey who received antenatal care for their last birth (m80 = 1 or 3 & m2n = 0 & p19 < 24),,,,,,,
,,,,,,,,
Average,0.951048488,,National weighted average,,95.9,,DHS report,96
,,,,,,,,
,,,,,,,,
,,,,,,,,
v001,birthsw,urinesample,,,,,,
1,2,2,1,,,,,
2,1,1,1,,,,,
3,3,3,1,,,,,
4,4,4,1,,,,,
5,5,5,1,,,,,
6,3,3,1,,,,,
7,1,1,1,,,,,
8,3,3,1,,,,,
9,2,2,1,,,,,
10,2,2,1,,,,,
11,6,6,1,,,,,
12,5,5,1,,,,,
13,6,6,1,,,,,
14,2,2,1,,,,,
15,4,4,1,,,,,
16,3,3,1,,,,,
17,3,3,1,,,,,
18,5,5,1,,,,,
19,5,5,1,,,,,
20,2,2,1,,,,,
21,5,5,1,,,,,
22,2,2,1,,,,,
23,6,6,1,,,,,
24,2,2,1,,,,,
25,3,3,1,,,,,
26,1,1,1,,,,,
27,4,4,1,,,,,
28,9,9,1,,,,,
29,3,3,1,,,,,
30,1,1,1,,,,,
31,1,1,1,,,,,
32,4,4,1,,,,,
33,6,6,1,,,,,
34,2,2,1,,,,,
35,3,3,1,,,,,
36,8,8,1,,,,,
37,4,4,1,,,,,
38,3,3,1,,,,,
39,2,2,1,,,,,
40,5,5,1,,,,,
41,6,6,1,,,,,
42,7,7,1,,,,,
43,8,8,1,,,,,
44,7,7,1,,,,,
45,2,2,1,,,,,
46,6,6,1,,,,,
47,9,9,1,,,,,
48,11,10,0.909090909,,,,,
49,2,2,1,,,,,
50,7,7,1,,,,,
51,1,1,1,,,,,
52,4,4,1,,,,,
53,5,4,0.8,,,,,
54,7,7,1,,,,,
55,1,1,1,,,,,
56,3,3,1,,,,,
57,2,2,1,,,,,
58,4,4,1,,,,,
59,2,2,1,,,,,
60,2,1,0.5,,,,,
61,1,1,1,,,,,
62,4,4,1,,,,,
63,3,3,1,,,,,
64,4,4,1,,,,,
65,5,5,1,,,,,
66,2,2,1,,,,,
67,1,1,1,,,,,
68,3,3,1,,,,,
69,10,10,1,,,,,
70,3,3,1,,,,,
71,3,3,1,,,,,
72,10,10,1,,,,,
73,4,4,1,,,,,
74,6,5,0.833333333,,,,,
75,6,5,0.833333333,,,,,
76,7,7,1,,,,,
77,5,5,1,,,,,
78,2,2,1,,,,,
79,3,3,1,,,,,
80,2,2,1,,,,,
81,2,2,1,,,,,
82,6,6,1,,,,,
83,3,3,1,,,,,
84,6,6,1,,,,,
85,6,6,1,,,,,
86,1,1,1,,,,,
87,3,3,1,,,,,
88,4,4,1,,,,,
89,7,7,1,,,,,
90,2,2,1,,,,,
91,4,4,1,,,,,
92,5,5,1,,,,,
93,3,3,1,,,,,
94,2,2,1,,,,,
95,1,1,1,,,,,
96,2,2,1,,,,,
97,11,11,1,,,,,
98,13,12,0.923076923,,,,,
99,5,4,0.8,,,,,
100,3,3,1,,,,,
101,3,3,1,,,,,
102,1,1,1,,,,,
103,0,0,.,,,,,
104,7,7,1,,,,,
105,3,3,1,,,,,
106,1,1,1,,,,,
107,0,0,.,,,,,
109,4,3,0.75,,,,,
110,1,0,0,,,,,
111,7,7,1,,,,,
112,9,9,1,,,,,
113,8,8,1,,,,,
114,5,5,1,,,,,
115,7,7,1,,,,,
116,10,10,1,,,,,
117,5,5,1,,,,,
118,6,5,0.833333333,,,,,
119,6,6,1,,,,,
120,8,8,1,,,,,
121,7,7,1,,,,,
122,12,12,1,,,,,
123,8,8,1,,,,,
124,10,10,1,,,,,
125,5,5,1,,,,,
126,4,4,1,,,,,
127,11,11,1,,,,,
128,2,2,1,,,,,
129,8,7,0.875,,,,,
130,2,2,1,,,,,
131,8,8,1,,,,,
132,7,7,1,,,,,
133,7,7,1,,,,,
134,7,7,1,,,,,
135,9,8,0.888888889,,,,,
136,14,13,0.928571429,,,,,
137,9,9,1,,,,,
138,3,3,1,,,,,
139,9,9,1,,,,,
140,2,2,1,,,,,
141,6,6,1,,,,,
142,2,2,1,,,,,
143,12,12,1,,,,,
144,4,4,1,,,,,
145,3,3,1,,,,,
146,6,6,1,,,,,
147,10,10,1,,,,,
148,4,4,1,,,,,
149,9,9,1,,,,,
150,4,4,1,,,,,
151,9,9,1,,,,,
152,6,6,1,,,,,
153,3,3,1,,,,,
154,3,3,1,,,,,
155,3,3,1,,,,,
156,1,1,1,,,,,
157,2,2,1,,,,,
158,4,4,1,,,,,
159,1,1,1,,,,,
160,9,9,1,,,,,
161,5,5,1,,,,,
162,10,10,1,,,,,
163,4,4,1,,,,,
164,4,4,1,,,,,
165,11,11,1,,,,,
166,5,5,1,,,,,
167,5,5,1,,,,,
168,2,2,1,,,,,
169,6,6,1,,,,,
170,1,1,1,,,,,
171,9,9,1,,,,,
172,8,8,1,,,,,
173,7,6,0.857142857,,,,,
174,6,6,1,,,,,
175,11,10,0.909090909,,,,,
176,3,3,1,,,,,
177,3,3,1,,,,,
178,4,4,1,,,,,
179,3,3,1,,,,,
180,2,2,1,,,,,
181,6,6,1,,,,,
182,4,4,1,,,,,
183,5,5,1,,,,,
185,4,4,1,,,,,
186,4,4,1,,,,,
187,2,2,1,,,,,
188,1,1,1,,,,,
189,4,4,1,,,,,
190,1,1,1,,,,,
191,4,4,1,,,,,
192,1,1,1,,,,,
193,3,3,1,,,,,
194,5,5,1,,,,,
195,2,1,0.5,,,,,
196,9,8,0.888888889,,,,,
197,3,3,1,,,,,
198,7,7,1,,,,,
199,2,2,1,,,,,
200,3,3,1,,,,,
201,1,1,1,,,,,
202,1,1,1,,,,,
203,2,2,1,,,,,
204,3,3,1,,,,,
205,2,2,1,,,,,
206,3,3,1,,,,,
207,2,2,1,,,,,
208,1,1,1,,,,,
209,8,8,1,,,,,
210,3,1,0.333333333,,,,,
211,7,5,0.714285714,,,,,
212,5,5,1,,,,,
213,2,1,0.5,,,,,
214,9,7,0.777777778,,,,,
215,5,5,1,,,,,
216,5,5,1,,,,,
217,2,2,1,,,,,
218,5,5,1,,,,,
219,0,0,.,,,,,
220,7,7,1,,,,,
221,3,3,1,,,,,
222,3,3,1,,,,,
223,2,2,1,,,,,
224,8,8,1,,,,,
225,7,7,1,,,,,
226,4,4,1,,,,,
227,7,7,1,,,,,
228,10,10,1,,,,,
229,3,3,1,,,,,
230,1,1,1,,,,,
231,5,3,0.6,,,,,
232,3,1,0.333333333,,,,,
233,2,2,1,,,,,
234,3,3,1,,,,,
235,7,7,1,,,,,
236,2,2,1,,,,,
237,11,11,1,,,,,
238,4,3,0.75,,,,,
239,7,7,1,,,,,
240,4,4,1,,,,,
241,3,3,1,,,,,
242,3,3,1,,,,,
243,7,6,0.857142857,,,,,
244,3,2,0.666666667,,,,,
245,10,6,0.6,,,,,
246,11,11,1,,,,,
247,5,4,0.8,,,,,
248,2,2,1,,,,,
249,3,3,1,,,,,
250,8,7,0.875,,,,,
251,7,5,0.714285714,,,,,
252,8,8,1,,,,,
253,2,2,1,,,,,
254,8,8,1,,,,,
255,3,3,1,,,,,
256,9,5,0.555555556,,,,,
257,2,1,0.5,,,,,
258,4,4,1,,,,,
259,2,2,1,,,,,
260,6,6,1,,,,,
261,17,16,0.941176471,,,,,
262,13,13,1,,,,,
263,4,4,1,,,,,
264,9,7,0.777777778,,,,,
265,4,4,1,,,,,
266,9,9,1,,,,,
267,12,4,0.333333333,,,,,
268,3,2,0.666666667,,,,,
269,3,3,1,,,,,
270,6,6,1,,,,,
271,2,2,1,,,,,
272,4,2,0.5,,,,,
273,2,2,1,,,,,
274,10,10,1,,,,,
275,6,4,0.666666667,,,,,
276,9,9,1,,,,,
277,7,6,0.857142857,,,,,
278,11,10,0.909090909,,,,,
279,6,6,1,,,,,
280,5,4,0.8,,,,,
281,7,6,0.857142857,,,,,
282,5,5,1,,,,,
283,5,5,1,,,,,
284,7,7,1,,,,,
285,8,8,1,,,,,
286,7,6,0.857142857,,,,,
287,6,5,0.833333333,,,,,
288,2,2,1,,,,,
289,13,12,0.923076923,,,,,
290,9,3,0.333333333,,,,,
291,5,5,1,,,,,
292,7,5,0.714285714,,,,,
293,4,4,1,,,,,
294,7,7,1,,,,,
295,10,10,1,,,,,
296,8,8,1,,,,,
297,6,5,0.833333333,,,,,
298,3,2,0.666666667,,,,,
299,9,7,0.777777778,,,,,
300,15,15,1,,,,,
301,11,11,1,,,,,
302,5,3,0.6,,,,,
303,8,8,1,,,,,
304,9,8,0.888888889,,,,,
305,7,7,1,,,,,
307,2,2,1,,,,,
308,9,8,0.888888889,,,,,
309,6,6,1,,,,,
310,8,8,1,,,,,
311,7,6,0.857142857,,,,,
312,6,6,1,,,,,
313,6,6,1,,,,,
314,9,5,0.555555556,,,,,
315,5,5,1,,,,,
316,4,4,1,,,,,
317,9,9,1,,,,,
318,4,4,1,,,,,
319,4,4,1,,,,,
320,2,2,1,,,,,
321,2,2,1,,,,,
322,9,4,0.444444444,,,,,
323,4,3,0.75,,,,,
324,7,6,0.857142857,,,,,
325,11,11,1,,,,,
326,7,7,1,,,,,
327,8,8,1,,,,,
328,5,3,0.6,,,,,
329,8,8,1,,,,,
330,10,10,1,,,,,
331,8,8,1,,,,,
332,8,8,1,,,,,
333,8,8,1,,,,,
334,6,6,1,,,,,
335,6,6,1,,,,,
336,8,6,0.75,,,,,
337,8,6,0.75,,,,,
338,1,0,0,,,,,
339,4,3,0.75,,,,,
340,5,1,0.2,,,,,
341,3,3,1,,,,,
342,6,6,1,,,,,
343,3,0,0,,,,,
344,10,9,0.9,,,,,
345,8,8,1,,,,,
346,5,5,1,,,,,
347,6,5,0.833333333,,,,,
348,6,6,1,,,,,
349,8,8,1,,,,,
350,7,7,1,,,,,
351,9,9,1,,,,,
352,1,1,1,,,,,
353,11,9,0.818181818,,,,,
354,7,7,1,,,,,
355,9,8,0.888888889,,,,,
356,6,6,1,,,,,
357,4,4,1,,,,,
358,4,4,1,,,,,
360,5,5,1,,,,,
361,1,1,1,,,,,
362,6,6,1,,,,,
363,4,4,1,,,,,
364,0,0,.,,,,,
365,6,6,1,,,,,
366,3,3,1,,,,,
367,6,6,1,,,,,
368,7,7,1,,,,,
369,3,3,1,,,,,
370,5,5,1,,,,,
371,1,1,1,,,,,
372,5,5,1,,,,,
373,7,7,1,,,,,
374,5,5,1,,,,,
375,5,5,1,,,,,
376,6,6,1,,,,,
377,1,1,1,,,,,
378,5,4,0.8,,,,,
379,4,4,1,,,,,
380,1,1,1,,,,,
381,4,4,1,,,,,
382,6,6,1,,,,,
383,4,4,1,,,,,
384,5,5,1,,,,,
385,2,2,1,,,,,
386,2,2,1,,,,,
387,1,1,1,,,,,
388,2,2,1,,,,,
389,7,6,0.857142857,,,,,
390,4,4,1,,,,,
391,6,6,1,,,,,
392,4,4,1,,,,,
393,5,5,1,,,,,
394,3,3,1,,,,,
395,2,2,1,,,,,
396,1,1,1,,,,,
397,2,2,1,,,,,
398,2,2,1,,,,,
399,2,1,0.5,,,,,
400,4,4,1,,,,,
401,3,3,1,,,,,
402,2,2,1,,,,,
403,3,2,0.666666667,,,,,
404,3,2,0.666666667,,,,,
405,2,2,1,,,,,
406,4,4,1,,,,,
407,2,2,1,,,,,
408,6,5,0.833333333,,,,,
409,2,2,1,,,,,
410,5,4,0.8,,,,,
411,2,2,1,,,,,
412,3,3,1,,,,,
413,3,3,1,,,,,
414,5,5,1,,,,,
415,2,2,1,,,,,
416,8,8,1,,,,,
417,3,3,1,,,,,
418,4,4,1,,,,,
419,4,3,0.75,,,,,
420,4,4,1,,,,,
421,3,2,0.666666667,,,,,
422,3,3,1,,,,,
423,3,3,1,,,,,
424,4,4,1,,,,,
425,3,3,1,,,,,
426,4,4,1,,,,,
427,4,3,0.75,,,,,
428,4,4,1,,,,,
429,4,4,1,,,,,
430,2,2,1,,,,,
431,1,1,1,,,,,
432,4,4,1,,,,,
433,2,2,1,,,,,
434,3,3,1,,,,,
435,2,2,1,,,,,
436,3,3,1,,,,,
437,1,1,1,,,,,
438,4,4,1,,,,,
439,2,2,1,,,,,
440,4,4,1,,,,,
441,4,4,1,,,,,
442,1,1,1,,,,,
443,0,0,.,,,,,
444,4,4,1,,,,,
445,4,4,1,,,,,
446,5,5,1,,,,,
447,3,3,1,,,,,
448,1,0,0,,,,,
449,4,3,0.75,,,,,
450,2,2,1,,,,,
451,1,1,1,,,,,
452,2,2,1,,,,,
453,2,2,1,,,,,
454,1,0,0,,,,,
455,5,5,1,,,,,
456,2,2,1,,,,,
457,2,2,1,,,,,
458,3,3,1,,,,,
459,3,3,1,,,,,
460,3,3,1,,,,,
461,3,3,1,,,,,
462,4,4,1,,,,,
463,2,2,1,,,,,
464,3,3,1,,,,,
465,4,4,1,,,,,
466,2,2,1,,,,,
467,4,4,1,,,,,
468,0,0,.,,,,,
469,3,3,1,,,,,
470,1,1,1,,,,,
471,3,3,1,,,,,
472,4,4,1,,,,,
473,3,3,1,,,,,
474,2,2,1,,,,,
475,3,3,1,,,,,
476,5,5,1,,,,,
477,8,8,1,,,,,
478,5,5,1,,,,,
479,3,3,1,,,,,
480,2,2,1,,,,,
481,2,2,1,,,,,
482,4,4,1,,,,,
483,4,4,1,,,,,
484,4,4,1,,,,,
485,5,5,1,,,,,
486,2,2,1,,,,,
487,5,5,1,,,,,
488,4,4,1,,,,,
489,2,2,1,,,,,
490,6,6,1,,,,,
491,4,4,1,,,,,
492,2,2,1,,,,,
493,2,2,1,,,,,
494,2,2,1,,,,,
495,1,1,1,,,,,
496,3,3,1,,,,,
497,3,3,1,,,,,
498,3,3,1,,,,,
500,4,4,1,,,,,
501,1,1,1,,,,,
502,3,3,1,,,,,
503,3,3,1,,,,,
504,4,3,0.75,,,,,
505,7,7,1,,,,,
506,7,6,0.857142857,,,,,
507,6,6,1,,,,,
508,3,3,1,,,,,
509,3,3,1,,,,,
510,1,1,1,,,,,
511,4,4,1,,,,,
512,4,4,1,,,,,
513,5,5,1,,,,,
514,3,3,1,,,,,
515,4,4,1,,,,,
516,6,6,1,,,,,
517,2,2,1,,,,,
518,8,8,1,,,,,
519,5,5,1,,,,,
520,2,2,1,,,,,
521,2,2,1,,,,,
522,3,3,1,,,,,
523,2,2,1,,,,,
524,4,4,1,,,,,
525,3,3,1,,,,,
526,3,3,1,,,,,
527,1,1,1,,,,,
528,3,3,1,,,,,
529,6,6,1,,,,,
530,4,4,1,,,,,
531,2,2,1,,,,,
532,0,0,.,,,,,
533,1,1,1,,,,,
534,1,1,1,,,,,
535,4,4,1,,,,,
536,4,4,1,,,,,
537,3,3,1,,,,,
538,0,0,.,,,,,
539,1,1,1,,,,,
540,1,1,1,,,,,
541,1,1,1,,,,,
542,2,2,1,,,,,
543,9,9,1,,,,,
544,2,2,1,,,,,
545,6,6,1,,,,,
546,4,4,1,,,,,
547,7,6,0.857142857,,,,,
548,5,5,1,,,,,
549,1,1,1,,,,,
550,0,0,.,,,,,
551,3,3,1,,,,,
552,1,1,1,,,,,
553,3,3,1,,,,,
554,3,3,1,,,,,
555,4,4,1,,,,,
556,1,1,1,,,,,
557,5,4,0.8,,,,,
558,2,2,1,,,,,
559,6,6,1,,,,,
560,1,1,1,,,,,
561,5,5,1,,,,,
562,2,2,1,,,,,
563,7,7,1,,,,,
564,6,6,1,,,,,
565,2,2,1,,,,,
566,3,3,1,,,,,
567,4,4,1,,,,,
568,4,4,1,,,,,
569,4,4,1,,,,,
570,8,7,0.875,,,,,
571,6,6,1,,,,,
572,1,1,1,,,,,
573,4,3,0.75,,,,,
574,3,3,1,,,,,
575,1,1,1,,,,,
576,5,5,1,,,,,
577,1,1,1,,,,,
578,2,2,1,,,,,
579,4,4,1,,,,,
580,2,2,1,,,,,
581,4,4,1,,,,,
582,5,5,1,,,,,
583,2,2,1,,,,,
584,1,0,0,,,,,
585,1,1,1,,,,,
586,2,2,1,,,,,
587,3,3,1,,,,,
588,5,5,1,,,,,
589,6,6,1,,,,,
590,3,3,1,,,,,
591,5,5,1,,,,,
592,4,4,1,,,,,
593,9,9,1,,,,,
594,6,6,1,,,,,
595,4,4,1,,,,,
596,2,2,1,,,,,
597,6,6,1,,,,,
598,2,2,1,,,,,
599,2,2,1,,,,,
600,2,1,0.5,,,,,
601,3,2,0.666666667,,,,,
602,3,3,1,,,,,
603,5,5,1,,,,,
604,2,2,1,,,,,
605,6,6,1,,,,,
606,4,4,1,,,,,
607,5,5,1,,,,,
608,3,3,1,,,,,
609,2,2,1,,,,,
610,3,3,1,,,,,
611,2,2,1,,,,,
612,1,1,1,,,,,
613,3,3,1,,,,,
614,3,3,1,,,,,
615,3,3,1,,,,,
616,3,3,1,,,,,
617,3,3,1,,,,,
618,3,3,1,,,,,
619,5,5,1,,,,,
620,2,2,1,,,,,
621,6,6,1,,,,,
622,5,5,1,,,,,
623,5,5,1,,,,,
624,1,1,1,,,,,
625,7,7,1,,,,,
626,1,1,1,,,,,
627,1,1,1,,,,,
628,0,0,.,,,,,
629,3,3,1,,,,,
630,1,1,1,,,,,
631,1,1,1,,,,,
632,3,3,1,,,,,
633,3,3,1,,,,,
634,3,3,1,,,,,
635,3,3,1,,,,,
636,4,3,0.75,,,,,
637,5,5,1,,,,,
638,2,2,1,,,,,
639,1,1,1,,,,,
640,3,3,1,,,,,
641,3,3,1,,,,,
642,2,2,1,,,,,
643,1,1,1,,,,,
644,3,3,1,,,,,
645,0,0,.,,,,,
646,3,3,1,,,,,
647,2,2,1,,,,,
648,5,5,1,,,,,
649,2,2,1,,,,,
650,3,3,1,,,,,
651,0,0,.,,,,,
652,6,6,1,,,,,
653,1,1,1,,,,,
654,1,0,0,,,,,
655,2,1,0.5,,,,,
656,2,2,1,,,,,
657,5,5,1,,,,,
658,2,2,1,,,,,
659,1,1,1,,,,,
661,8,8,1,,,,,
662,1,1,1,,,,,
663,3,3,1,,,,,
664,2,2,1,,,,,
665,3,3,1,,,,,
666,2,2,1,,,,,
667,3,3,1,,,,,
668,3,3,1,,,,,
669,4,4,1,,,,,
670,3,3,1,,,,,
671,2,2,1,,,,,
672,1,1,1,,,,,
673,2,2,1,,,,,
674,2,2,1,,,,,
675,4,4,1,,,,,
676,4,4,1,,,,,
677,4,3,0.75,,,,,
678,2,2,1,,,,,
679,3,3,1,,,,,
680,2,2,1,,,,,
681,0,0,.,,,,,
682,7,7,1,,,,,
683,2,2,1,,,,,
684,2,2,1,,,,,
685,5,5,1,,,,,
686,5,5,1,,,,,
687,1,1,1,,,,,
688,5,5,1,,,,,
689,6,6,1,,,,,
690,2,2,1,,,,,
691,3,3,1,,,,,
692,4,4,1,,,,,
693,4,4,1,,,,,
694,4,3,0.75,,,,,
695,3,3,1,,,,,
696,2,2,1,,,,,
697,1,1,1,,,,,
698,4,4,1,,,,,
699,1,1,1,,,,,
700,5,5,1,,,,,
701,2,2,1,,,,,
702,4,4,1,,,,,
703,4,4,1,,,,,
704,4,4,1,,,,,
705,4,4,1,,,,,
706,3,3,1,,,,,
707,2,2,1,,,,,
708,2,2,1,,,,,
709,4,4,1,,,,,
710,3,3,1,,,,,
711,4,4,1,,,,,
712,1,1,1,,,,,
713,4,4,1,,,,,
714,0,0,.,,,,,
715,5,5,1,,,,,
716,2,2,1,,,,,
717,3,3,1,,,,,
718,8,7,0.875,,,,,
719,2,2,1,,,,,
720,2,2,1,,,,,
721,6,6,1,,,,,
722,1,1,1,,,,,
723,3,3,1,,,,,
724,3,3,1,,,,,
725,1,1,1,,,,,
726,3,3,1,,,,,
727,3,2,0.666666667,,,,,
728,3,3,1,,,,,
729,2,2,1,,,,,
730,2,2,1,,,,,
731,3,3,1,,,,,
732,4,4,1,,,,,
733,4,4,1,,,,,
734,4,4,1,,,,,
735,2,2,1,,,,,
736,1,1,1,,,,,
737,4,4,1,,,,,
738,4,4,1,,,,,
739,4,4,1,,,,,
740,4,4,1,,,,,
741,0,0,.,,,,,
742,1,1,1,,,,,
743,3,3,1,,,,,
744,3,3,1,,,,,
745,5,5,1,,,,,
746,4,4,1,,,,,
747,0,0,.,,,,,
748,4,4,1,,,,,
749,5,4,0.8,,,,,
750,3,3,1,,,,,
751,3,3,1,,,,,
752,3,3,1,,,,,
753,5,5,1,,,,,
754,2,2,1,,,,,
755,3,3,1,,,,,
756,3,3,1,,,,,
757,0,0,.,,,,,
758,3,3,1,,,,,
759,4,4,1,,,,,
760,6,6,1,,,,,
761,4,4,1,,,,,
762,4,4,1,,,,,
763,4,4,1,,,,,
764,3,3,1,,,,,
765,3,3,1,,,,,
766,2,2,1,,,,,
767,2,2,1,,,,,
768,4,4,1,,,,,
769,2,2,1,,,,,
770,5,5,1,,,,,
771,3,3,1,,,,,
772,2,2,1,,,,,
773,3,3,1,,,,,
774,1,1,1,,,,,
775,4,4,1,,,,,
776,2,2,1,,,,,
777,5,5,1,,,,,
778,6,4,0.666666667,,,,,
779,14,9,0.642857143,,,,,
780,8,8,1,,,,,
781,6,5,0.833333333,,,,,
782,11,8,0.727272727,,,,,
783,6,6,1,,,,,
784,10,10,1,,,,,
785,3,3,1,,,,,
786,3,3,1,,,,,
787,6,5,0.833333333,,,,,
788,3,3,1,,,,,
789,5,5,1,,,,,
790,4,4,1,,,,,
791,6,1,0.166666667,,,,,
792,8,7,0.875,,,,,
793,10,9,0.9,,,,,
794,10,4,0.4,,,,,
795,4,4,1,,,,,
796,3,2,0.666666667,,,,,
797,9,4,0.444444444,,,,,
798,10,8,0.8,,,,,
799,10,8,0.8,,,,,
800,3,3,1,,,,,
801,13,3,0.230769231,,,,,
802,7,1,0.142857143,,,,,
803,1,0,0,,,,,
804,7,5,0.714285714,,,,,
805,10,9,0.9,,,,,
806,1,1,1,,,,,
807,11,11,1,,,,,
808,11,11,1,,,,,
809,3,3,1,,,,,
810,6,6,1,,,,,
811,6,6,1,,,,,
812,8,4,0.5,,,,,
813,5,5,1,,,,,
814,15,14,0.933333333,,,,,
815,14,8,0.571428571,,,,,
816,12,12,1,,,,,
817,9,9,1,,,,,
818,12,12,1,,,,,
819,8,6,0.75,,,,,
820,16,11,0.6875,,,,,
821,10,9,0.9,,,,,
822,12,10,0.833333333,,,,,
823,13,12,0.923076923,,,,,
824,14,11,0.785714286,,,,,
825,8,5,0.625,,,,,
826,8,7,0.875,,,,,
827,12,12,1,,,,,
828,11,5,0.454545455,,,,,
829,12,9,0.75,,,,,
830,7,5,0.714285714,,,,,
831,13,13,1,,,,,
832,9,7,0.777777778,,,,,
833,9,8,0.888888889,,,,,
834,10,5,0.5,,,,,
835,6,6,1,,,,,
836,8,8,1,,,,,
837,10,9,0.9,,,,,
838,5,5,1,,,,,
839,2,2,1,,,,,
840,6,5,0.833333333,,,,,
841,11,11,1,,,,,
842,5,5,1,,,,,
843,7,7,1,,,,,
844,9,8,0.888888889,,,,,
845,6,6,1,,,,,
846,11,11,1,,,,,
847,9,5,0.555555556,,,,,
848,1,1,1,,,,,
849,4,4,1,,,,,
850,6,6,1,,,,,
851,3,3,1,,,,,
852,5,5,1,,,,,
853,9,6,0.666666667,,,,,
854,5,5,1,,,,,
855,5,5,1,,,,,
856,4,4,1,,,,,
857,8,7,0.875,,,,,
858,11,10,0.909090909,,,,,
859,11,9,0.818181818,,,,,
860,2,2,1,,,,,
861,10,10,1,,,,,
862,8,2,0.25,,,,,
863,3,3,1,,,,,
864,9,3,0.333333333,,,,,
865,7,7,1,,,,,
866,9,8,0.888888889,,,,,
867,4,2,0.5,,,,,
868,4,2,0.5,,,,,
869,12,4,0.333333333,,,,,
870,8,4,0.5,,,,,
871,7,7,1,,,,,
872,1,1,1,,,,,
873,2,2,1,,,,,
874,5,5,1,,,,,
875,7,3,0.428571429,,,,,
876,6,3,0.5,,,,,
877,11,8,0.727272727,,,,,
878,6,1,0.166666667,,,,,
879,14,11,0.785714286,,,,,
880,4,4,1,,,,,
881,4,4,1,,,,,
882,4,4,1,,,,,
883,3,3,1,,,,,
884,4,3,0.75,,,,,
885,4,4,1,,,,,
886,0,0,.,,,,,
887,1,1,1,,,,,
888,4,4,1,,,,,
889,2,2,1,,,,,
890,3,3,1,,,,,
891,3,2,0.666666667,,,,,
892,6,6,1,,,,,
893,5,5,1,,,,,
894,5,5,1,,,,,
895,3,2,0.666666667,,,,,
896,3,3,1,,,,,
897,6,6,1,,,,,
898,1,1,1,,,,,
899,4,4,1,,,,,
900,3,3,1,,,,,
901,4,4,1,,,,,
902,12,12,1,,,,,
903,9,6,0.666666667,,,,,
904,5,5,1,,,,,
905,4,4,1,,,,,
906,3,3,1,,,,,
907,3,3,1,,,,,
908,3,3,1,,,,,
909,7,7,1,,,,,
910,5,5,1,,,,,
911,3,3,1,,,,,
912,3,3,1,,,,,
913,1,1,1,,,,,
914,3,3,1,,,,,
915,8,8,1,,,,,
916,4,4,1,,,,,
918,3,3,1,,,,,
919,5,4,0.8,,,,,
920,4,4,1,,,,,
921,6,6,1,,,,,
922,2,2,1,,,,,
923,6,6,1,,,,,
924,3,3,1,,,,,
925,7,7,1,,,,,
926,1,1,1,,,,,
927,3,3,1,,,,,
928,3,3,1,,,,,
929,4,4,1,,,,,
930,3,3,1,,,,,
931,7,7,1,,,,,
932,4,4,1,,,,,
933,5,5,1,,,,,
934,3,3,1,,,,,
935,6,6,1,,,,,
936,7,7,1,,,,,
937,7,7,1,,,,,
938,2,2,1,,,,,
939,3,3,1,,,,,
940,8,7,0.875,,,,,
941,4,4,1,,,,,
942,6,6,1,,,,,
943,4,3,0.75,,,,,
944,5,4,0.8,,,,,
945,8,8,1,,,,,
946,4,3,0.75,,,,,
947,5,5,1,,,,,
948,6,6,1,,,,,
949,1,1,1,,,,,
950,4,4,1,,,,,
951,5,5,1,,,,,
952,3,2,0.666666667,,,,,
953,5,5,1,,,,,
954,2,2,1,,,,,
955,4,4,1,,,,,
956,2,2,1,,,,,
957,3,3,1,,,,,
958,2,2,1,,,,,
959,7,7,1,,,,,
960,4,4,1,,,,,
961,8,8,1,,,,,
962,3,3,1,,,,,
963,9,9,1,,,,,
964,7,7,1,,,,,
965,8,8,1,,,,,
966,4,4,1,,,,,
967,1,1,1,,,,,
968,5,5,1,,,,,
969,8,8,1,,,,,
970,7,6,0.857142857,,,,,
971,2,2,1,,,,,
972,5,5,1,,,,,
973,5,5,1,,,,,
974,7,7,1,,,,,
975,2,2,1,,,,,
976,4,4,1,,,,,
977,2,2,1,,,,,
978,6,5,0.833333333,,,,,
979,7,7,1,,,,,
980,1,1,1,,,,,
981,7,7,1,,,,,
982,4,4,1,,,,,
983,4,4,1,,,,,
984,5,5,1,,,,,
985,7,7,1,,,,,
986,2,2,1,,,,,
987,2,2,1,,,,,
988,0,0,.,,,,,
989,8,8,1,,,,,
990,2,2,1,,,,,
991,2,2,1,,,,,
992,5,5,1,,,,,
993,6,6,1,,,,,
994,3,3,1,,,,,
995,1,1,1,,,,,
996,3,3,1,,,,,
997,5,5,1,,,,,
998,4,4,1,,,,,
999,3,3,1,,,,,
1000,5,5,1,,,,,
1001,4,4,1,,,,,
1002,3,3,1,,,,,
1003,4,4,1,,,,,
1004,3,3,1,,,,,
1005,0,0,.,,,,,
1006,3,3,1,,,,,
1007,2,1,0.5,,,,,
1008,2,2,1,,,,,
1009,5,5,1,,,,,
1010,6,6,1,,,,,
1011,7,7,1,,,,,
1012,7,7,1,,,,,
1013,3,3,1,,,,,
1014,2,2,1,,,,,
1015,9,9,1,,,,,
1016,1,1,1,,,,,
1017,7,7,1,,,,,
1018,5,5,1,,,,,
1019,6,6,1,,,,,
1020,4,4,1,,,,,
1021,4,4,1,,,,,
1022,6,6,1,,,,,
1023,2,2,1,,,,,
1024,1,1,1,,,,,
1025,6,5,0.833333333,,,,,
1026,3,3,1,,,,,
1027,6,6,1,,,,,
1028,9,8,0.888888889,,,,,
1029,3,3,1,,,,,
1030,2,2,1,,,,,
1031,6,6,1,,,,,
1032,6,6,1,,,,,
1033,6,5,0.833333333,,,,,
1034,6,6,1,,,,,
1035,5,5,1,,,,,
1036,2,2,1,,,,,
1037,5,5,1,,,,,
1038,5,5,1,,,,,
1039,2,2,1,,,,,
1040,4,4,1,,,,,
1041,6,6,1,,,,,
1042,4,4,1,,,,,
1043,3,3,1,,,,,
1044,8,8,1,,,,,
1045,6,6,1,,,,,
1046,2,2,1,,,,,
1047,7,7,1,,,,,
1048,9,8,0.888888889,,,,,
1049,5,3,0.6,,,,,
1050,3,3,1,,,,,
1051,3,3,1,,,,,
1052,9,9,1,,,,,
1053,6,4,0.666666667,,,,,
1054,16,16,1,,,,,
1055,4,4,1,,,,,
1056,3,2,0.666666667,,,,,
1057,2,2,1,,,,,
1058,2,2,1,,,,,
1059,5,5,1,,,,,
1060,2,1,0.5,,,,,
1061,2,2,1,,,,,
1062,3,0,0,,,,,
1063,3,3,1,,,,,
1064,4,4,1,,,,,
1065,2,2,1,,,,,
1066,3,3,1,,,,,
1067,6,6,1,,,,,
1069,5,4,0.8,,,,,
1070,3,3,1,,,,,
1071,8,6,0.75,,,,,
1072,3,3,1,,,,,
1073,5,5,1,,,,,
1074,3,2,0.666666667,,,,,
1075,2,2,1,,,,,
1076,5,5,1,,,,,
1077,3,3,1,,,,,
1078,1,1,1,,,,,
1079,1,1,1,,,,,
1080,5,4,0.8,,,,,
1081,3,2,0.666666667,,,,,
1082,0,0,.,,,,,
1083,2,2,1,,,,,
1084,3,3,1,,,,,
1085,3,3,1,,,,,
1086,3,3,1,,,,,
1087,5,5,1,,,,,
1088,3,3,1,,,,,
1089,3,3,1,,,,,
1090,7,6,0.857142857,,,,,
1091,2,1,0.5,,,,,
1092,6,5,0.833333333,,,,,
1093,4,3,0.75,,,,,
1094,2,2,1,,,,,
1095,4,4,1,,,,,
1096,3,3,1,,,,,
1097,4,4,1,,,,,
1098,4,4,1,,,,,
1099,4,4,1,,,,,
1100,3,3,1,,,,,
1101,2,2,1,,,,,
1102,1,1,1,,,,,
1103,1,1,1,,,,,
1104,6,6,1,,,,,
1105,9,9,1,,,,,
1106,8,8,1,,,,,
1107,5,5,1,,,,,
1108,3,3,1,,,,,
1109,6,5,0.833333333,,,,,
1110,3,3,1,,,,,
1111,6,6,1,,,,,
1112,5,5,1,,,,,
1113,6,6,1,,,,,
1114,2,2,1,,,,,
1115,1,1,1,,,,,
1116,4,4,1,,,,,
1117,1,1,1,,,,,
1118,3,3,1,,,,,
1119,4,3,0.75,,,,,
1120,3,3,1,,,,,
1121,2,2,1,,,,,
1122,10,10,1,,,,,
1123,8,8,1,,,,,
1124,3,3,1,,,,,
1125,3,3,1,,,,,
1126,5,4,0.8,,,,,
1127,2,2,1,,,,,
1128,6,6,1,,,,,
1129,8,8,1,,,,,
1130,12,12,1,,,,,
1131,2,2,1,,,,,
1132,2,2,1,,,,,
1133,10,9,0.9,,,,,
1134,5,5,1,,,,,
1135,5,5,1,,,,,
1136,8,8,1,,,,,
1137,2,2,1,,,,,
1138,5,5,1,,,,,
1139,3,3,1,,,,,
1140,2,2,1,,,,,
1141,2,2,1,,,,,
1142,8,8,1,,,,,
1143,8,8,1,,,,,
1144,8,8,1,,,,,
1145,8,8,1,,,,,
1146,5,4,0.8,,,,,
1147,11,11,1,,,,,
1148,2,2,1,,,,,
1149,7,7,1,,,,,
1150,6,6,1,,,,,
1151,9,9,1,,,,,
1152,5,5,1,,,,,
1153,2,2,1,,,,,
1154,10,10,1,,,,,
1155,8,7,0.875,,,,,
1156,8,8,1,,,,,
1157,8,8,1,,,,,
1158,4,4,1,,,,,
1159,10,10,1,,,,,
1160,11,11,1,,,,,
1161,6,6,1,,,,,
1162,5,5,1,,,,,
1163,5,5,1,,,,,
1164,11,11,1,,,,,
1165,7,7,1,,,,,
1166,2,2,1,,,,,
1167,4,4,1,,,,,
1168,2,2,1,,,,,
1169,4,4,1,,,,,
1170,5,5,1,,,,,
1171,2,2,1,,,,,
1172,5,5,1,,,,,
1173,3,2,0.666666667,,,,,
1174,3,3,1,,,,,
1175,7,7,1,,,,,
1176,2,2,1,,,,,
1177,6,6,1,,,,,
1178,4,4,1,,,,,
1179,3,3,1,,,,,
1180,5,5,1,,,,,
1181,5,5,1,,,,,
1182,5,5,1,,,,,
1183,2,2,1,,,,,
1184,2,2,1,,,,,
1185,0,0,.,,,,,
1186,3,3,1,,,,,
1187,4,4,1,,,,,
1188,4,4,1,,,,,
1189,9,8,0.888888889,,,,,
1190,5,5,1,,,,,
1191,6,6,1,,,,,
1192,8,8,1,,,,,
1193,11,10,0.909090909,,,,,
1194,3,3,1,,,,,
1195,3,3,1,,,,,
1196,4,4,1,,,,,
1197,3,3,1,,,,,
1198,9,9,1,,,,,
1199,3,3,1,,,,,
1200,2,2,1,,,,,
1201,8,6,0.75,,,,,
1202,3,3,1,,,,,
1203,5,5,1,,,,,
1204,4,3,0.75,,,,,
1205,4,4,1,,,,,
1206,5,5,1,,,,,
1207,2,2,1,,,,,
1208,7,7,1,,,,,
1209,5,5,1,,,,,
1210,3,3,1,,,,,
1211,4,4,1,,,,,
1212,2,2,1,,,,,
1213,9,9,1,,,,,
1214,5,5,1,,,,,
1215,2,2,1,,,,,
1216,2,2,1,,,,,
1217,6,6,1,,,,,
1218,4,4,1,,,,,
1219,4,4,1,,,,,
1220,2,2,1,,,,,
1221,4,4,1,,,,,
1222,2,2,1,,,,,
1223,4,4,1,,,,,
1224,1,1,1,,,,,
1225,3,3,1,,,,,
1226,3,3,1,,,,,
1227,7,7,1,,,,,
1228,7,6,0.857142857,,,,,
1229,1,1,1,,,,,
1230,4,3,0.75,,,,,
1231,5,5,1,,,,,
1232,3,3,1,,,,,
1233,8,8,1,,,,,
1234,2,2,1,,,,,
1235,4,4,1,,,,,
1236,6,6,1,,,,,
1237,8,8,1,,,,,
1238,2,2,1,,,,,
1239,4,4,1,,,,,
1240,3,3,1,,,,,
1241,8,8,1,,,,,
1242,3,3,1,,,,,
1243,4,4,1,,,,,
1244,4,4,1,,,,,
1245,3,3,1,,,,,
1246,4,4,1,,,,,
1247,8,7,0.875,,,,,
1248,4,4,1,,,,,
1249,4,4,1,,,,,
1250,5,5,1,,,,,
1251,3,3,1,,,,,
1252,3,3,1,,,,,
1253,3,3,1,,,,,
1254,2,2,1,,,,,
1255,3,3,1,,,,,
1256,4,4,1,,,,,
1257,6,6,1,,,,,
1258,7,7,1,,,,,
1259,2,2,1,,,,,
1260,7,7,1,,,,,
1261,4,4,1,,,,,
1262,5,4,0.8,,,,,
1263,10,10,1,,,,,
1264,4,4,1,,,,,
1265,7,3,0.428571429,,,,,
1266,3,3,1,,,,,
1267,4,4,1,,,,,
1268,6,5,0.833333333,,,,,
1269,3,3,1,,,,,
1270,3,3,1,,,,,
1271,2,2,1,,,,,
1272,6,6,1,,,,,
1273,3,3,1,,,,,
1274,3,3,1,,,,,
1275,5,5,1,,,,,
1276,4,4,1,,,,,
1277,2,2,1,,,,,
1278,7,7,1,,,,,
1279,4,3,0.75,,,,,
1280,4,4,1,,,,,
1281,5,5,1,,,,,
1282,7,7,1,,,,,
1283,4,4,1,,,,,
1284,5,5,1,,,,,
1285,2,2,1,,,,,
1286,6,5,0.833333333,,,,,
1287,5,5,1,,,,,
1288,6,6,1,,,,,
1289,4,3,0.75,,,,,
1290,4,4,1,,,,,
1291,0,0,.,,,,,
1292,3,3,1,,,,,
1293,5,5,1,,,,,
1294,6,6,1,,,,,
1295,5,5,1,,,,,
1296,9,9,1,,,,,
1297,9,8,0.888888889,,,,,
1298,3,3,1,,,,,
1299,4,3,0.75,,,,,
1300,4,4,1,,,,,
1301,7,7,1,,,,,
1302,4,4,1,,,,,
1303,6,6,1,,,,,
1304,4,4,1,,,,,
1305,7,7,1,,,,,
1306,4,4,1,,,,,
1307,3,3,1,,,,,
1308,4,4,1,,,,,
1309,7,7,1,,,,,
1310,3,2,0.666666667,,,,,
1311,6,6,1,,,,,
1312,2,2,1,,,,,
1313,2,2,1,,,,,
1314,3,3,1,,,,,
1315,3,3,1,,,,,
1316,2,2,1,,,,,
1317,3,3,1,,,,,
1318,4,4,1,,,,,
1319,3,3,1,,,,,
1320,2,2,1,,,,,
1321,6,6,1,,,,,
1322,2,2,1,,,,,
1323,3,3,1,,,,,
1324,1,1,1,,,,,
1325,4,4,1,,,,,
1326,6,6,1,,,,,
1327,4,4,1,,,,,
1328,4,4,1,,,,,
1329,3,3,1,,,,,
1330,3,3,1,,,,,
1331,5,5,1,,,,,
1332,3,3,1,,,,,
1333,4,4,1,,,,,
1334,5,5,1,,,,,
1335,3,3,1,,,,,
1336,8,7,0.875,,,,,
1337,5,5,1,,,,,
1338,3,3,1,,,,,
1339,3,2,0.666666667,,,,,
1340,5,5,1,,,,,
1341,10,10,1,,,,,
1342,5,5,1,,,,,
1343,2,2,1,,,,,
1344,2,1,0.5,,,,,
1345,4,4,1,,,,,
1346,6,6,1,,,,,
1347,3,3,1,,,,,
1348,4,4,1,,,,,
1349,5,5,1,,,,,
1350,4,4,1,,,,,
1351,3,3,1,,,,,
1352,4,4,1,,,,,
1353,6,6,1,,,,,
1354,3,3,1,,,,,
1355,8,7,0.875,,,,,
1356,4,4,1,,,,,
1357,5,5,1,,,,,
1358,6,6,1,,,,,
1359,5,5,1,,,,,
1360,3,3,1,,,,,
1361,3,3,1,,,,,
1362,7,6,0.857142857,,,,,
1363,5,4,0.8,,,,,
1364,8,8,1,,,,,
1365,4,4,1,,,,,
1366,5,5,1,,,,,
1367,5,5,1,,,,,
1368,2,1,0.5,,,,,
1369,7,7,1,,,,,
1370,3,3,1,,,,,
1371,5,5,1,,,,,
1372,5,5,1,,,,,
1373,4,4,1,,,,,
1374,5,5,1,,,,,
1375,5,5,1,,,,,
1376,6,5,0.833333333,,,,,
1377,8,7,0.875,,,,,
1378,4,4,1,,,,,
1379,1,1,1,,,,,
1380,4,3,0.75,,,,,
1381,5,5,1,,,,,
1382,4,4,1,,,,,
1383,6,6,1,,,,,
1384,2,2,1,,,,,
1385,3,3,1,,,,,
1386,2,2,1,,,,,
1387,9,9,1,,,,,
1388,5,5,1,,,,,
1389,1,1,1,,,,,
1390,5,5,1,,,,,
1391,6,6,1,,,,,
1392,4,4,1,,,,,
1393,5,5,1,,,,,
1394,3,3,1,,,,,
1395,6,5,0.833333333,,,,,
1396,5,5,1,,,,,
1397,4,4,1,,,,,
1398,4,4,1,,,,,
1399,10,9,0.9,,,,,
1400,3,3,1,,,,,
1401,7,6,0.857142857,,,,,
1402,4,4,1,,,,,
1403,6,6,1,,,,,
1404,3,3,1,,,,,
1405,2,2,1,,,,,
1406,7,6,0.857142857,,,,,
1407,3,2,0.666666667,,,,,
1408,5,5,1,,,,,
1409,8,8,1,,,,,
1410,4,4,1,,,,,
1411,5,5,1,,,,,
1412,10,10,1,,,,,
1413,5,5,1,,,,,
1414,10,10,1,,,,,
1415,9,9,1,,,,,
1416,6,5,0.833333333,,,,,
1417,5,5,1,,,,,
1418,5,5,1,,,,,
1419,5,5,1,,,,,
1420,7,6,0.857142857,,,,,
1421,5,5,1,,,,,
1422,4,4,1,,,,,
1423,6,6,1,,,,,
1424,3,3,1,,,,,
1425,4,4,1,,,,,
1426,3,2,0.666666667,,,,,
1427,5,4,0.8,,,,,
1428,6,6,1,,,,,
1429,5,4,0.8,,,,,
1430,3,3,1,,,,,
1431,7,4,0.571428571,,,,,
1432,5,4,0.8,,,,,
1433,4,3,0.75,,,,,
1434,2,2,1,,,,,
1435,5,5,1,,,,,
1436,3,3,1,,,,,
1437,3,3,1,,,,,
1438,4,4,1,,,,,
1439,4,4,1,,,,,
1440,1,1,1,,,,,
1441,3,3,1,,,,,
1442,3,3,1,,,,,
1443,4,4,1,,,,,
1444,5,4,0.8,,,,,
1445,2,2,1,,,,,
1446,3,3,1,,,,,
1447,3,3,1,,,,,
1448,4,4,1,,,,,
1449,4,4,1,,,,,
1450,8,7,0.875,,,,,
1451,5,5,1,,,,,
1452,5,5,1,,,,,
1453,3,3,1,,,,,
1454,2,2,1,,,,,
1455,1,1,1,,,,,
1456,3,3,1,,,,,
1457,5,4,0.8,,,,,
1458,11,11,1,,,,,
1459,5,5,1,,,,,
1460,4,4,1,,,,,
1461,6,6,1,,,,,
1462,4,4,1,,,,,
1463,4,4,1,,,,,
1464,6,6,1,,,,,
1465,4,3,0.75,,,,,
1466,5,5,1,,,,,
1467,4,4,1,,,,,
1468,6,6,1,,,,,
1469,4,4,1,,,,,
1470,2,2,1,,,,,
1471,7,7,1,,,,,
1472,4,4,1,,,,,
1473,2,2,1,,,,,
1474,5,5,1,,,,,
1475,0,0,.,,,,,
1476,7,7,1,,,,,
1477,4,4,1,,,,,
1478,6,6,1,,,,,
1479,7,7,1,,,,,
1481,4,4,1,,,,,
1482,4,4,1,,,,,
1483,8,8,1,,,,,
1484,8,7,0.875,,,,,
1485,4,4,1,,,,,
1486,6,6,1,,,,,
1487,6,6,1,,,,,
1488,1,1,1,,,,,
1489,8,8,1,,,,,
1490,4,4,1,,,,,
1491,6,5,0.833333333,,,,,
1492,6,6,1,,,,,
1493,2,2,1,,,,,
1494,0,0,.,,,,,
1495,7,6,0.857142857,,,,,
1496,2,2,1,,,,,
1497,6,5,0.833333333,,,,,
1498,3,3,1,,,,,
1499,2,1,0.5,,,,,
1500,8,7,0.875,,,,,
1501,4,3,0.75,,,,,
1502,2,2,1,,,,,
1503,4,4,1,,,,,
1504,6,5,0.833333333,,,,,
1505,5,4,0.8,,,,,
1506,2,2,1,,,,,
1507,5,5,1,,,,,
1508,6,5,0.833333333,,,,,
1509,2,2,1,,,,,
1510,7,7,1,,,,,
1511,7,7,1,,,,,
1512,10,10,1,,,,,
1513,4,4,1,,,,,
1514,7,7,1,,,,,
1515,5,4,0.8,,,,,
1516,3,3,1,,,,,
1517,3,2,0.666666667,,,,,
1518,5,3,0.6,,,,,
1519,1,1,1,,,,,
1520,4,4,1,,,,,
1521,5,5,1,,,,,
1522,4,4,1,,,,,
1523,1,1,1,,,,,
1524,4,4,1,,,,,
1525,3,3,1,,,,,
1526,13,9,0.692307692,,,,,
1527,4,3,0.75,,,,,
1528,4,4,1,,,,,
1529,4,3,0.75,,,,,
1530,4,3,0.75,,,,,
1531,7,5,0.714285714,,,,,
1532,8,8,1,,,,,
1533,5,5,1,,,,,
1534,5,4,0.8,,,,,
1535,7,6,0.857142857,,,,,
1536,7,7,1,,,,,
1537,10,10,1,,,,,
1538,9,9,1,,,,,
1539,11,11,1,,,,,
1540,3,2,0.666666667,,,,,
1541,5,3,0.6,,,,,
1542,2,2,1,,,,,
1543,7,6,0.857142857,,,,,
1544,6,4,0.666666667,,,,,
1545,7,7,1,,,,,
1546,3,3,1,,,,,
1547,6,6,1,,,,,
1548,8,7,0.875,,,,,
1549,8,7,0.875,,,,,
1550,5,5,1,,,,,
1551,4,4,1,,,,,
1552,6,6,1,,,,,
1553,9,9,1,,,,,
1554,5,5,1,,,,,
1555,3,3,1,,,,,
1556,5,5,1,,,,,
1557,4,4,1,,,,,
1558,5,5,1,,,,,
1559,8,8,1,,,,,
1560,5,5,1,,,,,
1561,4,4,1,,,,,
1562,2,1,0.5,,,,,
1563,4,3,0.75,,,,,
1564,5,5,1,,,,,
1565,2,2,1,,,,,
1566,3,3,1,,,,,
1567,5,5,1,,,,,
1568,6,6,1,,,,,
1569,4,4,1,,,,,
1570,3,3,1,,,,,
1571,1,1,1,,,,,
1572,2,2,1,,,,,
1573,2,2,1,,,,,
1574,4,4,1,,,,,
1575,4,4,1,,,,,
1576,1,0,0,,,,,
1577,2,2,1,,,,,
1578,2,2,1,,,,,
1579,4,3,0.75,,,,,
1580,4,4,1,,,,,
1581,4,4,1,,,,,
1582,6,6,1,,,,,
1583,4,4,1,,,,,
1584,4,4,1,,,,,
1585,3,3,1,,,,,
1586,5,5,1,,,,,
1588,2,2,1,,,,,
1589,5,5,1,,,,,
1590,4,4,1,,,,,
1591,3,3,1,,,,,
1592,5,5,1,,,,,
1593,5,5,1,,,,,
1594,5,5,1,,,,,
1595,1,1,1,,,,,
1596,6,5,0.833333333,,,,,
1597,6,6,1,,,,,
1598,5,5,1,,,,,
1599,3,3,1,,,,,
1600,3,3,1,,,,,
1601,2,2,1,,,,,
1602,1,1,1,,,,,
1603,2,2,1,,,,,
1604,1,1,1,,,,,
1605,4,4,1,,,,,
1606,1,1,1,,,,,
1607,1,1,1,,,,,
1608,4,4,1,,,,,
1609,1,1,1,,,,,
1610,4,4,1,,,,,
1611,5,5,1,,,,,
1612,4,4,1,,,,,
1613,3,3,1,,,,,
1614,2,2,1,,,,,
1615,6,5,0.833333333,,,,,
1616,1,1,1,,,,,
1617,2,2,1,,,,,
1618,3,3,1,,,,,
1619,3,3,1,,,,,
1620,6,6,1,,,,,
1621,1,1,1,,,,,
1622,2,2,1,,,,,
1623,5,5,1,,,,,
1624,1,1,1,,,,,
1625,4,4,1,,,,,
1626,0,0,.,,,,,
1627,4,4,1,,,,,
1628,9,7,0.777777778,,,,,
1629,2,2,1,,,,,
1630,2,2,1,,,,,
1631,7,7,1,,,,,
1632,3,3,1,,,,,
1633,1,1,1,,,,,
1634,5,5,1,,,,,
1635,6,6,1,,,,,
1636,6,6,1,,,,,
1637,1,1,1,,,,,
1638,3,3,1,,,,,
1639,3,3,1,,,,,
1640,3,3,1,,,,,
1641,7,7,1,,,,,
1642,2,2,1,,,,,
1643,4,4,1,,,,,
1644,2,2,1,,,,,
1645,0,0,.,,,,,
1646,3,3,1,,,,,
1647,0,0,.,,,,,
1648,3,3,1,,,,,
1649,4,3,0.75,,,,,
1650,5,5,1,,,,,
1651,4,4,1,,,,,
1652,2,2,1,,,,,
1653,3,3,1,,,,,
1654,2,2,1,,,,,
1655,1,1,1,,,,,
1656,4,3,0.75,,,,,
1657,1,1,1,,,,,
1658,6,6,1,,,,,
1659,1,1,1,,,,,
1660,3,3,1,,,,,
1661,4,4,1,,,,,
1662,6,6,1,,,,,
1663,0,0,.,,,,,
1664,5,5,1,,,,,
1665,1,1,1,,,,,
1666,3,3,1,,,,,
1667,6,6,1,,,,,
1668,3,2,0.666666667,,,,,
1669,1,1,1,,,,,
1671,4,4,1,,,,,
1672,1,1,1,,,,,
1673,5,5,1,,,,,
1674,3,3,1,,,,,
1675,2,2,1,,,,,
1676,4,4,1,,,,,
1677,6,6,1,,,,,
1678,3,3,1,,,,,
1679,1,1,1,,,,,
1680,3,3,1,,,,,
1681,0,0,.,,,,,
1682,3,2,0.666666667,,,,,
1683,6,6,1,,,,,
1684,5,5,1,,,,,
1685,1,1,1,,,,,
1687,0,0,.,,,,,
1688,3,3,1,,,,,
1689,5,5,1,,,,,
1690,7,7,1,,,,,
1691,2,2,1,,,,,
1692,2,2,1,,,,,
,7478,7030,0.951048488,,,,,
