Definition: ,Percentage of youngest children under six months of age living with the mother who are exclusively breastfed,,,,,,
Denominator,Children under age 6 months,,,,,,
,,,,,,,
Average:,0.592894462,,National Weighted Average,,61,Statcompiler,61.4
,,,,,,,
,,,,,,,
,,,,,,,
v001,youngestchildwithmum,exclusivelybreastfed,,,,,
1,0,0,.,,,,
2,0,0,.,,,,
3,0,0,.,,,,
4,0,0,.,,,,
5,0,0,.,,,,
6,1,0,0,,,,
7,0,0,.,,,,
8,0,0,.,,,,
9,0,0,.,,,,
10,1,1,1,,,,
11,0,0,.,,,,
12,0,0,.,,,,
13,0,0,.,,,,
14,0,0,.,,,,
15,0,0,.,,,,
16,0,0,.,,,,
17,0,0,.,,,,
18,1,0,0,,,,
19,0,0,.,,,,
20,0,0,.,,,,
21,1,1,1,,,,
22,0,0,.,,,,
23,0,0,.,,,,
24,1,1,1,,,,
25,1,1,1,,,,
26,0,0,.,,,,
27,0,0,.,,,,
28,0,0,.,,,,
29,1,0,0,,,,
30,0,0,.,,,,
31,0,0,.,,,,
32,1,1,1,,,,
33,0,0,.,,,,
34,0,0,.,,,,
35,0,0,.,,,,
36,1,1,1,,,,
37,0,0,.,,,,
38,0,0,.,,,,
39,0,0,.,,,,
40,0,0,.,,,,
41,0,0,.,,,,
42,1,1,1,,,,
43,2,2,1,,,,
44,1,0,0,,,,
45,0,0,.,,,,
46,0,0,.,,,,
47,0,0,.,,,,
48,2,1,0.5,,,,
49,0,0,.,,,,
50,0,0,.,,,,
51,0,0,.,,,,
52,1,1,1,,,,
53,0,0,.,,,,
54,0,0,.,,,,
55,0,0,.,,,,
56,0,0,.,,,,
57,0,0,.,,,,
58,0,0,.,,,,
59,0,0,.,,,,
60,0,0,.,,,,
61,0,0,.,,,,
62,0,0,.,,,,
63,2,1,0.5,,,,
64,1,1,1,,,,
65,0,0,.,,,,
66,0,0,.,,,,
67,0,0,.,,,,
68,0,0,.,,,,
69,0,0,.,,,,
70,0,0,.,,,,
71,0,0,.,,,,
72,0,0,.,,,,
73,0,0,.,,,,
74,0,0,.,,,,
75,0,0,.,,,,
76,2,2,1,,,,
77,1,1,1,,,,
78,0,0,.,,,,
79,0,0,.,,,,
80,1,1,1,,,,
81,1,1,1,,,,
82,0,0,.,,,,
83,0,0,.,,,,
84,0,0,.,,,,
85,0,0,.,,,,
86,1,1,1,,,,
87,0,0,.,,,,
88,0,0,.,,,,
89,0,0,.,,,,
90,1,1,1,,,,
91,0,0,.,,,,
92,0,0,.,,,,
93,0,0,.,,,,
94,1,0,0,,,,
95,0,0,.,,,,
96,0,0,.,,,,
97,0,0,.,,,,
98,1,1,1,,,,
99,1,1,1,,,,
100,0,0,.,,,,
101,0,0,.,,,,
102,0,0,.,,,,
103,0,0,.,,,,
104,0,0,.,,,,
105,0,0,.,,,,
106,0,0,.,,,,
107,1,0,0,,,,
108,0,0,.,,,,
109,0,0,.,,,,
110,0,0,.,,,,
111,0,0,.,,,,
112,0,0,.,,,,
113,0,0,.,,,,
114,0,0,.,,,,
115,0,0,.,,,,
116,2,2,1,,,,
117,0,0,.,,,,
118,3,2,0.666666667,,,,
119,0,0,.,,,,
120,0,0,.,,,,
121,0,0,.,,,,
122,0,0,.,,,,
123,1,0,0,,,,
124,0,0,.,,,,
125,0,0,.,,,,
126,0,0,.,,,,
127,0,0,.,,,,
128,0,0,.,,,,
129,0,0,.,,,,
130,0,0,.,,,,
131,1,1,1,,,,
132,0,0,.,,,,
133,0,0,.,,,,
134,0,0,.,,,,
135,0,0,.,,,,
136,0,0,.,,,,
137,0,0,.,,,,
138,2,2,1,,,,
139,0,0,.,,,,
140,0,0,.,,,,
141,0,0,.,,,,
142,1,1,1,,,,
143,2,2,1,,,,
144,0,0,.,,,,
145,0,0,.,,,,
146,0,0,.,,,,
147,0,0,.,,,,
148,0,0,.,,,,
149,1,1,1,,,,
150,0,0,.,,,,
151,0,0,.,,,,
152,0,0,.,,,,
153,0,0,.,,,,
154,1,1,1,,,,
155,0,0,.,,,,
156,1,1,1,,,,
157,0,0,.,,,,
158,0,0,.,,,,
159,0,0,.,,,,
160,1,0,0,,,,
161,0,0,.,,,,
162,0,0,.,,,,
163,0,0,.,,,,
164,1,0,0,,,,
165,0,0,.,,,,
166,0,0,.,,,,
167,1,0,0,,,,
168,0,0,.,,,,
169,1,1,1,,,,
170,0,0,.,,,,
171,0,0,.,,,,
172,1,1,1,,,,
173,0,0,.,,,,
174,0,0,.,,,,
175,0,0,.,,,,
176,0,0,.,,,,
177,0,0,.,,,,
178,0,0,.,,,,
179,2,0,0,,,,
180,0,0,.,,,,
181,1,1,1,,,,
182,0,0,.,,,,
183,0,0,.,,,,
184,1,0,0,,,,
185,0,0,.,,,,
186,1,1,1,,,,
187,0,0,.,,,,
188,0,0,.,,,,
189,0,0,.,,,,
190,0,0,.,,,,
191,0,0,.,,,,
192,0,0,.,,,,
193,1,1,1,,,,
194,0,0,.,,,,
195,0,0,.,,,,
196,0,0,.,,,,
197,1,1,1,,,,
198,0,0,.,,,,
199,0,0,.,,,,
200,0,0,.,,,,
201,0,0,.,,,,
202,0,0,.,,,,
203,0,0,.,,,,
204,0,0,.,,,,
205,0,0,.,,,,
206,1,1,1,,,,
207,0,0,.,,,,
208,0,0,.,,,,
209,0,0,.,,,,
210,1,1,1,,,,
211,1,0,0,,,,
212,0,0,.,,,,
213,0,0,.,,,,
214,0,0,.,,,,
215,0,0,.,,,,
216,0,0,.,,,,
217,0,0,.,,,,
218,0,0,.,,,,
219,1,1,1,,,,
220,0,0,.,,,,
221,0,0,.,,,,
222,1,0,0,,,,
223,0,0,.,,,,
224,1,1,1,,,,
225,0,0,.,,,,
226,0,0,.,,,,
227,1,1,1,,,,
228,0,0,.,,,,
229,0,0,.,,,,
230,0,0,.,,,,
231,0,0,.,,,,
232,1,1,1,,,,
233,1,1,1,,,,
234,0,0,.,,,,
235,0,0,.,,,,
236,0,0,.,,,,
237,2,1,0.5,,,,
238,0,0,.,,,,
239,1,1,1,,,,
240,0,0,.,,,,
241,0,0,.,,,,
242,1,1,1,,,,
243,0,0,.,,,,
244,0,0,.,,,,
245,0,0,.,,,,
246,0,0,.,,,,
247,3,3,1,,,,
248,1,1,1,,,,
249,0,0,.,,,,
250,1,1,1,,,,
251,1,1,1,,,,
252,0,0,.,,,,
253,0,0,.,,,,
254,0,0,.,,,,
255,0,0,.,,,,
256,0,0,.,,,,
257,0,0,.,,,,
258,0,0,.,,,,
259,1,1,1,,,,
260,0,0,.,,,,
261,1,1,1,,,,
262,0,0,.,,,,
263,0,0,.,,,,
264,1,1,1,,,,
265,0,0,.,,,,
266,0,0,.,,,,
267,0,0,.,,,,
268,0,0,.,,,,
269,3,3,1,,,,
270,2,2,1,,,,
271,1,1,1,,,,
272,0,0,.,,,,
273,0,0,.,,,,
274,1,1,1,,,,
275,0,0,.,,,,
276,1,0,0,,,,
277,1,1,1,,,,
278,1,1,1,,,,
279,0,0,.,,,,
280,1,1,1,,,,
281,3,1,0.333333333,,,,
282,0,0,.,,,,
283,0,0,.,,,,
284,0,0,.,,,,
285,1,0,0,,,,
286,2,1,0.5,,,,
287,1,1,1,,,,
288,0,0,.,,,,
289,1,1,1,,,,
290,0,0,.,,,,
291,0,0,.,,,,
292,1,1,1,,,,
293,1,0,0,,,,
294,0,0,.,,,,
295,0,0,.,,,,
296,0,0,.,,,,
297,1,0,0,,,,
298,0,0,.,,,,
299,1,0,0,,,,
300,2,1,0.5,,,,
301,2,1,0.5,,,,
302,1,0,0,,,,
303,0,0,.,,,,
304,0,0,.,,,,
305,0,0,.,,,,
306,0,0,.,,,,
307,0,0,.,,,,
308,3,3,1,,,,
309,1,1,1,,,,
310,0,0,.,,,,
311,1,0,0,,,,
312,0,0,.,,,,
313,1,1,1,,,,
314,0,0,.,,,,
315,0,0,.,,,,
316,1,1,1,,,,
317,0,0,.,,,,
318,1,0,0,,,,
319,1,0,0,,,,
320,0,0,.,,,,
321,0,0,.,,,,
322,3,2,0.666666667,,,,
323,0,0,.,,,,
324,0,0,.,,,,
325,1,1,1,,,,
326,0,0,.,,,,
327,0,0,.,,,,
328,2,0,0,,,,
329,2,1,0.5,,,,
330,1,0,0,,,,
331,5,3,0.6,,,,
332,1,1,1,,,,
333,0,0,.,,,,
334,1,0,0,,,,
335,0,0,.,,,,
336,1,0,0,,,,
338,3,2,0.666666667,,,,
339,0,0,.,,,,
340,1,0,0,,,,
341,0,0,.,,,,
342,2,2,1,,,,
343,1,1,1,,,,
344,3,2,0.666666667,,,,
345,1,1,1,,,,
346,1,0,0,,,,
347,0,0,.,,,,
348,1,1,1,,,,
349,1,1,1,,,,
350,0,0,.,,,,
351,0,0,.,,,,
352,0,0,.,,,,
353,0,0,.,,,,
354,2,1,0.5,,,,
355,1,1,1,,,,
356,0,0,.,,,,
357,0,0,.,,,,
358,1,0,0,,,,
359,1,1,1,,,,
360,0,0,.,,,,
361,1,1,1,,,,
362,2,2,1,,,,
363,1,1,1,,,,
364,4,3,0.75,,,,
365,0,0,.,,,,
366,1,1,1,,,,
367,2,0,0,,,,
368,0,0,.,,,,
369,0,0,.,,,,
370,1,1,1,,,,
371,1,1,1,,,,
372,1,1,1,,,,
373,0,0,.,,,,
374,0,0,.,,,,
375,0,0,.,,,,
376,0,0,.,,,,
377,0,0,.,,,,
378,0,0,.,,,,
379,0,0,.,,,,
380,0,0,.,,,,
381,1,1,1,,,,
382,1,0,0,,,,
383,0,0,.,,,,
384,1,1,1,,,,
385,0,0,.,,,,
386,0,0,.,,,,
387,0,0,.,,,,
388,0,0,.,,,,
389,1,0,0,,,,
390,0,0,.,,,,
391,0,0,.,,,,
392,0,0,.,,,,
393,1,1,1,,,,
394,2,0,0,,,,
395,0,0,.,,,,
396,1,1,1,,,,
397,2,0,0,,,,
398,0,0,.,,,,
399,0,0,.,,,,
400,0,0,.,,,,
401,0,0,.,,,,
402,0,0,.,,,,
403,0,0,.,,,,
404,0,0,.,,,,
405,0,0,.,,,,
406,1,0,0,,,,
407,1,1,1,,,,
408,0,0,.,,,,
409,0,0,.,,,,
410,1,1,1,,,,
411,1,0,0,,,,
412,0,0,.,,,,
413,1,1,1,,,,
414,1,0,0,,,,
415,3,3,1,,,,
416,3,2,0.666666667,,,,
417,0,0,.,,,,
418,0,0,.,,,,
419,1,1,1,,,,
420,1,1,1,,,,
421,0,0,.,,,,
422,0,0,.,,,,
424,0,0,.,,,,
425,1,1,1,,,,
426,0,0,.,,,,
427,0,0,.,,,,
428,0,0,.,,,,
429,0,0,.,,,,
430,2,1,0.5,,,,
431,0,0,.,,,,
432,1,1,1,,,,
433,1,1,1,,,,
434,0,0,.,,,,
435,1,1,1,,,,
436,2,1,0.5,,,,
437,1,1,1,,,,
438,0,0,.,,,,
439,0,0,.,,,,
440,0,0,.,,,,
441,0,0,.,,,,
442,1,1,1,,,,
443,1,0,0,,,,
444,0,0,.,,,,
445,0,0,.,,,,
446,1,0,0,,,,
447,3,2,0.666666667,,,,
448,0,0,.,,,,
449,1,0,0,,,,
450,0,0,.,,,,
451,3,2,0.666666667,,,,
452,1,1,1,,,,
453,0,0,.,,,,
454,2,1,0.5,,,,
455,0,0,.,,,,
456,0,0,.,,,,
457,1,1,1,,,,
458,0,0,.,,,,
459,0,0,.,,,,
460,0,0,.,,,,
461,0,0,.,,,,
462,0,0,.,,,,
463,0,0,.,,,,
464,0,0,.,,,,
465,1,1,1,,,,
466,1,0,0,,,,
467,0,0,.,,,,
468,0,0,.,,,,
469,1,0,0,,,,
470,0,0,.,,,,
471,0,0,.,,,,
472,1,1,1,,,,
473,0,0,.,,,,
474,0,0,.,,,,
475,1,1,1,,,,
476,0,0,.,,,,
477,1,0,0,,,,
478,0,0,.,,,,
479,2,1,0.5,,,,
480,0,0,.,,,,
481,1,1,1,,,,
482,0,0,.,,,,
483,0,0,.,,,,
484,1,1,1,,,,
485,1,0,0,,,,
486,3,2,0.666666667,,,,
487,2,1,0.5,,,,
489,2,1,0.5,,,,
490,0,0,.,,,,
491,0,0,.,,,,
492,1,0,0,,,,
493,0,0,.,,,,
494,0,0,.,,,,
495,0,0,.,,,,
496,0,0,.,,,,
497,0,0,.,,,,
498,1,0,0,,,,
499,0,0,.,,,,
500,2,2,1,,,,
501,1,0,0,,,,
502,0,0,.,,,,
503,0,0,.,,,,
504,0,0,.,,,,
505,0,0,.,,,,
506,1,1,1,,,,
507,0,0,.,,,,
508,0,0,.,,,,
509,0,0,.,,,,
510,2,1,0.5,,,,
511,1,1,1,,,,
512,0,0,.,,,,
513,0,0,.,,,,
514,0,0,.,,,,
515,0,0,.,,,,
516,1,0,0,,,,
517,0,0,.,,,,
518,1,1,1,,,,
519,0,0,.,,,,
520,0,0,.,,,,
521,0,0,.,,,,
522,0,0,.,,,,
523,1,0,0,,,,
524,1,0,0,,,,
525,0,0,.,,,,
526,0,0,.,,,,
527,0,0,.,,,,
528,1,1,1,,,,
529,0,0,.,,,,
530,1,0,0,,,,
531,1,1,1,,,,
532,1,0,0,,,,
533,0,0,.,,,,
534,0,0,.,,,,
535,0,0,.,,,,
536,0,0,.,,,,
537,0,0,.,,,,
538,0,0,.,,,,
539,1,0,0,,,,
540,0,0,.,,,,
541,0,0,.,,,,
542,0,0,.,,,,
543,1,0,0,,,,
544,0,0,.,,,,
545,1,1,1,,,,
546,0,0,.,,,,
547,0,0,.,,,,
548,0,0,.,,,,
549,0,0,.,,,,
550,0,0,.,,,,
551,0,0,.,,,,
552,0,0,.,,,,
553,0,0,.,,,,
554,0,0,.,,,,
555,0,0,.,,,,
556,0,0,.,,,,
557,0,0,.,,,,
558,1,0,0,,,,
559,1,0,0,,,,
560,0,0,.,,,,
561,1,0,0,,,,
562,0,0,.,,,,
563,0,0,.,,,,
564,0,0,.,,,,
565,1,1,1,,,,
566,2,2,1,,,,
567,0,0,.,,,,
568,0,0,.,,,,
569,0,0,.,,,,
570,1,1,1,,,,
571,1,1,1,,,,
572,1,1,1,,,,
573,1,1,1,,,,
574,0,0,.,,,,
575,1,1,1,,,,
576,0,0,.,,,,
577,0,0,.,,,,
578,0,0,.,,,,
579,0,0,.,,,,
580,0,0,.,,,,
581,0,0,.,,,,
582,0,0,.,,,,
583,0,0,.,,,,
584,0,0,.,,,,
585,0,0,.,,,,
586,0,0,.,,,,
587,1,1,1,,,,
588,1,1,1,,,,
589,0,0,.,,,,
590,0,0,.,,,,
591,0,0,.,,,,
592,0,0,.,,,,
593,0,0,.,,,,
594,0,0,.,,,,
595,0,0,.,,,,
596,0,0,.,,,,
597,1,1,1,,,,
598,1,1,1,,,,
599,1,0,0,,,,
600,0,0,.,,,,
601,0,0,.,,,,
602,0,0,.,,,,
603,0,0,.,,,,
604,0,0,.,,,,
605,1,0,0,,,,
606,0,0,.,,,,
607,2,1,0.5,,,,
608,1,0,0,,,,
609,1,1,1,,,,
610,0,0,.,,,,
611,0,0,.,,,,
612,2,1,0.5,,,,
613,0,0,.,,,,
614,0,0,.,,,,
615,2,1,0.5,,,,
616,1,0,0,,,,
617,1,0,0,,,,
618,0,0,.,,,,
619,0,0,.,,,,
620,1,0,0,,,,
621,0,0,.,,,,
622,0,0,.,,,,
623,1,0,0,,,,
624,0,0,.,,,,
625,0,0,.,,,,
626,2,1,0.5,,,,
627,1,1,1,,,,
628,2,0,0,,,,
629,0,0,.,,,,
630,0,0,.,,,,
631,0,0,.,,,,
632,0,0,.,,,,
633,0,0,.,,,,
634,0,0,.,,,,
635,0,0,.,,,,
636,0,0,.,,,,
637,0,0,.,,,,
638,1,1,1,,,,
639,0,0,.,,,,
640,0,0,.,,,,
641,0,0,.,,,,
642,0,0,.,,,,
643,0,0,.,,,,
644,0,0,.,,,,
645,0,0,.,,,,
646,0,0,.,,,,
647,0,0,.,,,,
648,2,2,1,,,,
649,3,0,0,,,,
650,1,1,1,,,,
651,1,1,1,,,,
652,1,0,0,,,,
653,0,0,.,,,,
654,1,1,1,,,,
655,1,1,1,,,,
656,1,1,1,,,,
657,0,0,.,,,,
658,0,0,.,,,,
659,1,1,1,,,,
660,0,0,.,,,,
661,0,0,.,,,,
662,1,1,1,,,,
663,0,0,.,,,,
664,0,0,.,,,,
665,0,0,.,,,,
666,1,1,1,,,,
667,0,0,.,,,,
668,2,0,0,,,,
669,0,0,.,,,,
670,0,0,.,,,,
671,0,0,.,,,,
672,0,0,.,,,,
673,1,0,0,,,,
674,2,1,0.5,,,,
675,0,0,.,,,,
676,1,0,0,,,,
677,0,0,.,,,,
678,0,0,.,,,,
679,2,1,0.5,,,,
680,1,1,1,,,,
681,2,2,1,,,,
682,0,0,.,,,,
683,0,0,.,,,,
684,2,1,0.5,,,,
685,0,0,.,,,,
686,0,0,.,,,,
687,0,0,.,,,,
688,0,0,.,,,,
689,2,0,0,,,,
690,0,0,.,,,,
691,0,0,.,,,,
692,0,0,.,,,,
693,0,0,.,,,,
694,0,0,.,,,,
695,0,0,.,,,,
696,1,0,0,,,,
697,2,1,0.5,,,,
698,0,0,.,,,,
699,1,0,0,,,,
700,1,1,1,,,,
701,0,0,.,,,,
702,1,0,0,,,,
703,1,0,0,,,,
704,2,1,0.5,,,,
705,0,0,.,,,,
706,0,0,.,,,,
707,1,1,1,,,,
708,2,1,0.5,,,,
709,0,0,.,,,,
710,1,0,0,,,,
712,1,0,0,,,,
713,2,0,0,,,,
714,2,2,1,,,,
715,0,0,.,,,,
716,2,1,0.5,,,,
717,0,0,.,,,,
718,1,0,0,,,,
719,1,1,1,,,,
720,1,0,0,,,,
721,0,0,.,,,,
722,1,0,0,,,,
724,3,1,0.333333333,,,,
726,2,0,0,,,,
727,1,0,0,,,,
728,1,0,0,,,,
729,1,1,1,,,,
730,0,0,.,,,,
731,0,0,.,,,,
732,0,0,.,,,,
733,0,0,.,,,,
734,2,2,1,,,,
735,4,0,0,,,,
736,1,1,1,,,,
737,2,1,0.5,,,,
738,0,0,.,,,,
739,0,0,.,,,,
741,0,0,.,,,,
742,0,0,.,,,,
743,1,1,1,,,,
744,0,0,.,,,,
745,1,1,1,,,,
746,0,0,.,,,,
747,1,0,0,,,,
748,1,1,1,,,,
749,0,0,.,,,,
750,0,0,.,,,,
751,3,2,0.666666667,,,,
752,0,0,.,,,,
753,3,3,1,,,,
754,0,0,.,,,,
755,1,1,1,,,,
756,2,1,0.5,,,,
757,0,0,.,,,,
760,1,1,1,,,,
761,1,1,1,,,,
762,0,0,.,,,,
764,0,0,.,,,,
766,0,0,.,,,,
768,2,0,0,,,,
769,1,1,1,,,,
770,1,0,0,,,,
771,0,0,.,,,,
772,0,0,.,,,,
773,1,0,0,,,,
774,0,0,.,,,,
775,0,0,.,,,,
776,1,0,0,,,,
777,0,0,.,,,,
778,1,0,0,,,,
779,1,0,0,,,,
780,0,0,.,,,,
781,1,1,1,,,,
782,0,0,.,,,,
783,1,0,0,,,,
784,0,0,.,,,,
785,4,0,0,,,,
786,0,0,.,,,,
787,0,0,.,,,,
788,0,0,.,,,,
789,3,2,0.666666667,,,,
790,1,0,0,,,,
791,1,0,0,,,,
792,1,0,0,,,,
793,1,0,0,,,,
794,1,1,1,,,,
795,0,0,.,,,,
796,0,0,.,,,,
797,0,0,.,,,,
798,0,0,.,,,,
799,1,0,0,,,,
801,1,0,0,,,,
802,0,0,.,,,,
803,0,0,.,,,,
804,0,0,.,,,,
805,0,0,.,,,,
806,0,0,.,,,,
807,0,0,.,,,,
808,2,1,0.5,,,,
809,1,1,1,,,,
810,0,0,.,,,,
811,1,1,1,,,,
812,0,0,.,,,,
813,0,0,.,,,,
814,0,0,.,,,,
815,0,0,.,,,,
816,0,0,.,,,,
817,0,0,.,,,,
818,1,0,0,,,,
819,0,0,.,,,,
820,0,0,.,,,,
821,0,0,.,,,,
822,0,0,.,,,,
823,1,1,1,,,,
824,1,0,0,,,,
825,0,0,.,,,,
826,0,0,.,,,,
827,1,1,1,,,,
828,0,0,.,,,,
829,1,1,1,,,,
830,0,0,.,,,,
831,0,0,.,,,,
832,0,0,.,,,,
833,0,0,.,,,,
834,0,0,.,,,,
835,0,0,.,,,,
836,0,0,.,,,,
837,0,0,.,,,,
838,0,0,.,,,,
839,0,0,.,,,,
840,0,0,.,,,,
841,0,0,.,,,,
842,0,0,.,,,,
843,1,1,1,,,,
844,0,0,.,,,,
845,0,0,.,,,,
846,2,2,1,,,,
847,0,0,.,,,,
848,1,1,1,,,,
849,0,0,.,,,,
850,1,1,1,,,,
851,0,0,.,,,,
852,1,0,0,,,,
853,1,1,1,,,,
854,0,0,.,,,,
855,1,1,1,,,,
856,1,0,0,,,,
857,0,0,.,,,,
858,1,1,1,,,,
859,2,1,0.5,,,,
860,1,1,1,,,,
861,0,0,.,,,,
862,0,0,.,,,,
863,1,1,1,,,,
864,0,0,.,,,,
865,1,1,1,,,,
866,2,1,0.5,,,,
867,0,0,.,,,,
868,3,2,0.666666667,,,,
869,0,0,.,,,,
870,1,1,1,,,,
871,1,0,0,,,,
872,0,0,.,,,,
873,0,0,.,,,,
874,3,1,0.333333333,,,,
875,1,1,1,,,,
876,4,1,0.25,,,,
877,1,1,1,,,,
878,0,0,.,,,,
879,0,0,.,,,,
880,1,0,0,,,,
881,0,0,.,,,,
882,1,1,1,,,,
883,1,1,1,,,,
884,1,0,0,,,,
885,0,0,.,,,,
886,0,0,.,,,,
887,1,0,0,,,,
888,2,2,1,,,,
889,1,1,1,,,,
890,1,1,1,,,,
891,0,0,.,,,,
892,0,0,.,,,,
893,1,0,0,,,,
894,1,1,1,,,,
895,2,2,1,,,,
896,2,1,0.5,,,,
897,0,0,.,,,,
898,1,0,0,,,,
899,1,1,1,,,,
900,0,0,.,,,,
901,0,0,.,,,,
902,1,1,1,,,,
903,0,0,.,,,,
904,0,0,.,,,,
905,0,0,.,,,,
906,2,1,0.5,,,,
907,0,0,.,,,,
908,0,0,.,,,,
909,0,0,.,,,,
910,1,1,1,,,,
911,0,0,.,,,,
912,3,1,0.333333333,,,,
913,0,0,.,,,,
914,1,0,0,,,,
915,0,0,.,,,,
916,0,0,.,,,,
917,2,1,0.5,,,,
918,0,0,.,,,,
919,1,1,1,,,,
920,1,1,1,,,,
921,0,0,.,,,,
922,1,0,0,,,,
923,1,1,1,,,,
924,3,2,0.666666667,,,,
925,0,0,.,,,,
926,1,0,0,,,,
927,1,0,0,,,,
928,0,0,.,,,,
929,1,1,1,,,,
930,0,0,.,,,,
931,1,0,0,,,,
932,0,0,.,,,,
933,2,2,1,,,,
934,0,0,.,,,,
935,1,1,1,,,,
936,1,0,0,,,,
937,0,0,.,,,,
938,0,0,.,,,,
939,1,1,1,,,,
940,0,0,.,,,,
941,0,0,.,,,,
942,0,0,.,,,,
943,0,0,.,,,,
944,0,0,.,,,,
945,0,0,.,,,,
946,1,1,1,,,,
947,1,1,1,,,,
948,1,1,1,,,,
949,0,0,.,,,,
950,0,0,.,,,,
951,0,0,.,,,,
952,0,0,.,,,,
953,1,0,0,,,,
954,0,0,.,,,,
955,0,0,.,,,,
956,1,1,1,,,,
957,1,1,1,,,,
958,0,0,.,,,,
959,0,0,.,,,,
960,0,0,.,,,,
961,0,0,.,,,,
962,3,1,0.333333333,,,,
963,1,0,0,,,,
964,0,0,.,,,,
965,0,0,.,,,,
966,0,0,.,,,,
967,0,0,.,,,,
968,1,0,0,,,,
969,0,0,.,,,,
970,0,0,.,,,,
971,0,0,.,,,,
972,0,0,.,,,,
973,1,1,1,,,,
974,0,0,.,,,,
975,1,1,1,,,,
976,0,0,.,,,,
977,0,0,.,,,,
978,0,0,.,,,,
979,0,0,.,,,,
980,0,0,.,,,,
981,0,0,.,,,,
982,0,0,.,,,,
983,0,0,.,,,,
984,0,0,.,,,,
985,0,0,.,,,,
986,1,0,0,,,,
987,1,1,1,,,,
988,0,0,.,,,,
989,0,0,.,,,,
990,0,0,.,,,,
991,0,0,.,,,,
992,0,0,.,,,,
993,0,0,.,,,,
994,0,0,.,,,,
995,1,1,1,,,,
996,0,0,.,,,,
997,0,0,.,,,,
998,1,1,1,,,,
999,0,0,.,,,,
1000,1,1,1,,,,
1001,0,0,.,,,,
1002,2,2,1,,,,
1003,0,0,.,,,,
1004,0,0,.,,,,
1005,0,0,.,,,,
1006,2,1,0.5,,,,
1007,0,0,.,,,,
1008,0,0,.,,,,
1009,0,0,.,,,,
1010,0,0,.,,,,
1011,1,0,0,,,,
1012,0,0,.,,,,
1013,3,1,0.333333333,,,,
1014,0,0,.,,,,
1015,1,0,0,,,,
1016,0,0,.,,,,
1017,1,0,0,,,,
1018,0,0,.,,,,
1019,1,1,1,,,,
1020,2,1,0.5,,,,
1021,0,0,.,,,,
1022,0,0,.,,,,
1023,1,0,0,,,,
1024,0,0,.,,,,
1025,3,2,0.666666667,,,,
1026,1,1,1,,,,
1027,2,1,0.5,,,,
1028,1,1,1,,,,
1029,3,2,0.666666667,,,,
1030,0,0,.,,,,
1031,0,0,.,,,,
1032,0,0,.,,,,
1034,1,1,1,,,,
1035,0,0,.,,,,
1036,1,1,1,,,,
1037,2,1,0.5,,,,
1038,0,0,.,,,,
1039,2,2,1,,,,
1040,0,0,.,,,,
1041,1,1,1,,,,
1042,0,0,.,,,,
1043,0,0,.,,,,
1044,2,1,0.5,,,,
1045,1,1,1,,,,
1046,2,1,0.5,,,,
1047,1,1,1,,,,
1048,2,2,1,,,,
1049,3,3,1,,,,
1050,0,0,.,,,,
1051,2,2,1,,,,
1052,1,0,0,,,,
1053,1,0,0,,,,
1054,1,1,1,,,,
1055,2,2,1,,,,
1056,1,0,0,,,,
1058,2,2,1,,,,
1059,4,3,0.75,,,,
1060,0,0,.,,,,
1061,1,1,1,,,,
1062,3,1,0.333333333,,,,
1063,1,0,0,,,,
1064,1,0,0,,,,
1065,1,0,0,,,,
1067,0,0,.,,,,
1068,1,1,1,,,,
1069,0,0,.,,,,
1070,0,0,.,,,,
1071,0,0,.,,,,
1072,0,0,.,,,,
1073,2,2,1,,,,
1074,0,0,.,,,,
1075,1,1,1,,,,
1076,0,0,.,,,,
1077,0,0,.,,,,
1078,1,0,0,,,,
1079,4,4,1,,,,
1080,2,2,1,,,,
1081,0,0,.,,,,
1082,2,2,1,,,,
1083,1,1,1,,,,
1084,0,0,.,,,,
1085,0,0,.,,,,
1086,1,0,0,,,,
1087,1,1,1,,,,
1088,0,0,.,,,,
1089,0,0,.,,,,
1090,0,0,.,,,,
1091,0,0,.,,,,
1092,0,0,.,,,,
1093,1,1,1,,,,
1094,0,0,.,,,,
1095,0,0,.,,,,
1096,1,1,1,,,,
1097,0,0,.,,,,
1098,0,0,.,,,,
1099,2,2,1,,,,
1100,1,1,1,,,,
1101,0,0,.,,,,
1103,1,1,1,,,,
1104,0,0,.,,,,
1105,0,0,.,,,,
1106,1,0,0,,,,
1107,1,1,1,,,,
1108,0,0,.,,,,
1109,0,0,.,,,,
1110,0,0,.,,,,
1111,0,0,.,,,,
1112,0,0,.,,,,
1113,1,1,1,,,,
1114,0,0,.,,,,
1115,1,1,1,,,,
1116,1,0,0,,,,
1117,1,0,0,,,,
1118,3,1,0.333333333,,,,
1119,0,0,.,,,,
1120,0,0,.,,,,
1121,1,0,0,,,,
1122,0,0,.,,,,
1123,0,0,.,,,,
1124,3,2,0.666666667,,,,
1125,1,1,1,,,,
1126,0,0,.,,,,
1127,0,0,.,,,,
1128,0,0,.,,,,
1129,4,2,0.5,,,,
1130,0,0,.,,,,
1131,0,0,.,,,,
1132,1,1,1,,,,
1133,0,0,.,,,,
1134,2,2,1,,,,
1135,2,2,1,,,,
1136,0,0,.,,,,
1137,0,0,.,,,,
1138,0,0,.,,,,
1139,1,0,0,,,,
1140,0,0,.,,,,
1141,2,2,1,,,,
1142,1,0,0,,,,
1143,1,1,1,,,,
1144,1,0,0,,,,
1145,0,0,.,,,,
1146,1,1,1,,,,
1147,1,0,0,,,,
1148,1,1,1,,,,
1149,1,1,1,,,,
1150,1,0,0,,,,
1151,1,1,1,,,,
1152,0,0,.,,,,
1153,0,0,.,,,,
1154,0,0,.,,,,
1155,0,0,.,,,,
1156,0,0,.,,,,
1157,0,0,.,,,,
1158,1,0,0,,,,
1159,0,0,.,,,,
1160,0,0,.,,,,
1161,0,0,.,,,,
1162,1,1,1,,,,
1163,0,0,.,,,,
1164,0,0,.,,,,
1165,1,1,1,,,,
1166,1,0,0,,,,
1167,1,0,0,,,,
1168,0,0,.,,,,
1169,0,0,.,,,,
1170,0,0,.,,,,
1171,1,1,1,,,,
1172,0,0,.,,,,
1173,0,0,.,,,,
1174,3,1,0.333333333,,,,
1175,0,0,.,,,,
1176,1,0,0,,,,
1177,2,1,0.5,,,,
1178,1,0,0,,,,
1179,1,1,1,,,,
1180,0,0,.,,,,
1181,0,0,.,,,,
1182,1,1,1,,,,
1183,1,1,1,,,,
1184,0,0,.,,,,
1185,0,0,.,,,,
1186,0,0,.,,,,
1187,0,0,.,,,,
1188,0,0,.,,,,
1189,0,0,.,,,,
1190,1,0,0,,,,
1191,0,0,.,,,,
1192,0,0,.,,,,
1193,1,0,0,,,,
1194,0,0,.,,,,
1195,1,1,1,,,,
1196,2,2,1,,,,
1197,0,0,.,,,,
1198,0,0,.,,,,
1199,1,0,0,,,,
1200,0,0,.,,,,
1201,0,0,.,,,,
1202,0,0,.,,,,
1203,1,1,1,,,,
1204,2,1,0.5,,,,
1205,0,0,.,,,,
1206,1,0,0,,,,
1207,0,0,.,,,,
1208,1,1,1,,,,
1209,0,0,.,,,,
1210,0,0,.,,,,
1212,0,0,.,,,,
1213,1,1,1,,,,
1214,0,0,.,,,,
1215,1,1,1,,,,
1216,1,1,1,,,,
1217,2,0,0,,,,
1218,0,0,.,,,,
1219,0,0,.,,,,
1220,1,0,0,,,,
1221,2,2,1,,,,
1222,3,2,0.666666667,,,,
1223,0,0,.,,,,
1224,0,0,.,,,,
1225,0,0,.,,,,
1226,0,0,.,,,,
1227,0,0,.,,,,
1228,0,0,.,,,,
1229,0,0,.,,,,
1230,1,0,0,,,,
1231,0,0,.,,,,
1232,1,0,0,,,,
1233,0,0,.,,,,
1234,1,0,0,,,,
1235,0,0,.,,,,
1236,0,0,.,,,,
1237,0,0,.,,,,
1238,1,1,1,,,,
1239,2,1,0.5,,,,
1240,0,0,.,,,,
1241,1,0,0,,,,
1242,1,0,0,,,,
1243,0,0,.,,,,
1244,0,0,.,,,,
1245,0,0,.,,,,
1246,0,0,.,,,,
1247,0,0,.,,,,
1248,1,0,0,,,,
1249,0,0,.,,,,
1250,0,0,.,,,,
1251,1,0,0,,,,
1252,0,0,.,,,,
1253,0,0,.,,,,
1254,0,0,.,,,,
1255,0,0,.,,,,
1256,0,0,.,,,,
1257,0,0,.,,,,
1258,0,0,.,,,,
1259,1,1,1,,,,
1260,0,0,.,,,,
1261,1,1,1,,,,
1262,0,0,.,,,,
1263,2,1,0.5,,,,
1264,0,0,.,,,,
1265,1,0,0,,,,
1266,0,0,.,,,,
1267,0,0,.,,,,
1268,1,1,1,,,,
1269,2,1,0.5,,,,
1270,0,0,.,,,,
1272,0,0,.,,,,
1273,0,0,.,,,,
1274,0,0,.,,,,
1275,1,1,1,,,,
1276,1,0,0,,,,
1277,0,0,.,,,,
1278,1,0,0,,,,
1279,0,0,.,,,,
1280,2,2,1,,,,
1281,0,0,.,,,,
1282,0,0,.,,,,
1283,1,1,1,,,,
1284,1,1,1,,,,
1285,0,0,.,,,,
1286,1,0,0,,,,
1287,0,0,.,,,,
1288,0,0,.,,,,
1289,1,1,1,,,,
1290,0,0,.,,,,
1291,1,1,1,,,,
1292,3,2,0.666666667,,,,
1293,2,1,0.5,,,,
1294,1,1,1,,,,
1295,1,0,0,,,,
1296,1,0,0,,,,
1297,2,2,1,,,,
1298,0,0,.,,,,
1299,0,0,.,,,,
1300,1,1,1,,,,
1301,1,0,0,,,,
1302,0,0,.,,,,
1303,0,0,.,,,,
1304,0,0,.,,,,
1305,0,0,.,,,,
1306,0,0,.,,,,
1307,0,0,.,,,,
1308,0,0,.,,,,
1309,0,0,.,,,,
1310,0,0,.,,,,
1311,0,0,.,,,,
1312,1,0,0,,,,
1313,0,0,.,,,,
1314,0,0,.,,,,
1315,0,0,.,,,,
1316,0,0,.,,,,
1317,0,0,.,,,,
1318,0,0,.,,,,
1319,0,0,.,,,,
1320,0,0,.,,,,
1321,1,1,1,,,,
1322,0,0,.,,,,
1323,0,0,.,,,,
1324,1,1,1,,,,
1325,0,0,.,,,,
1326,0,0,.,,,,
1327,0,0,.,,,,
1328,0,0,.,,,,
1329,0,0,.,,,,
1330,1,1,1,,,,
1331,0,0,.,,,,
1332,0,0,.,,,,
1333,1,0,0,,,,
1334,0,0,.,,,,
1335,2,2,1,,,,
1336,0,0,.,,,,
1337,1,1,1,,,,
1338,1,0,0,,,,
1339,3,2,0.666666667,,,,
1340,0,0,.,,,,
1341,0,0,.,,,,
1342,1,1,1,,,,
1343,1,0,0,,,,
1344,1,0,0,,,,
1345,2,2,1,,,,
1346,1,0,0,,,,
1347,0,0,.,,,,
1348,3,2,0.666666667,,,,
1349,0,0,.,,,,
1350,1,1,1,,,,
1351,0,0,.,,,,
1352,2,2,1,,,,
1353,1,0,0,,,,
1354,1,1,1,,,,
1355,0,0,.,,,,
1356,0,0,.,,,,
1357,0,0,.,,,,
1358,0,0,.,,,,
1359,0,0,.,,,,
1360,1,0,0,,,,
1361,2,1,0.5,,,,
1362,0,0,.,,,,
1363,1,0,0,,,,
1364,2,0,0,,,,
1365,0,0,.,,,,
1366,0,0,.,,,,
1367,1,1,1,,,,
1368,0,0,.,,,,
1369,2,1,0.5,,,,
1370,1,1,1,,,,
1371,0,0,.,,,,
1372,1,1,1,,,,
1373,1,0,0,,,,
1374,1,0,0,,,,
1375,1,1,1,,,,
1376,0,0,.,,,,
1377,1,1,1,,,,
1378,1,0,0,,,,
1379,0,0,.,,,,
1380,0,0,.,,,,
1381,0,0,.,,,,
1382,2,1,0.5,,,,
1383,1,1,1,,,,
1384,1,1,1,,,,
1385,0,0,.,,,,
1386,0,0,.,,,,
1387,2,0,0,,,,
1388,0,0,.,,,,
1389,0,0,.,,,,
1390,0,0,.,,,,
1391,0,0,.,,,,
1392,0,0,.,,,,
1393,0,0,.,,,,
1394,1,0,0,,,,
1395,1,0,0,,,,
1396,0,0,.,,,,
1397,0,0,.,,,,
1398,0,0,.,,,,
1399,0,0,.,,,,
1400,0,0,.,,,,
1401,2,1,0.5,,,,
1402,1,1,1,,,,
1403,0,0,.,,,,
1404,2,1,0.5,,,,
1405,0,0,.,,,,
1406,0,0,.,,,,
1407,0,0,.,,,,
1408,1,0,0,,,,
1409,0,0,.,,,,
1410,0,0,.,,,,
1411,0,0,.,,,,
1412,0,0,.,,,,
1413,0,0,.,,,,
1414,0,0,.,,,,
1415,2,1,0.5,,,,
1416,0,0,.,,,,
1417,0,0,.,,,,
1418,1,1,1,,,,
1419,1,1,1,,,,
1420,1,1,1,,,,
1421,1,0,0,,,,
1422,1,0,0,,,,
1423,0,0,.,,,,
1424,0,0,.,,,,
1425,1,0,0,,,,
1426,0,0,.,,,,
1427,1,1,1,,,,
1428,0,0,.,,,,
1429,0,0,.,,,,
1430,2,1,0.5,,,,
1431,0,0,.,,,,
1432,0,0,.,,,,
1433,1,0,0,,,,
1434,1,1,1,,,,
1435,0,0,.,,,,
1436,1,1,1,,,,
1437,0,0,.,,,,
1438,2,1,0.5,,,,
1439,0,0,.,,,,
1440,0,0,.,,,,
1441,0,0,.,,,,
1442,0,0,.,,,,
1443,1,0,0,,,,
1444,0,0,.,,,,
1445,1,0,0,,,,
1446,0,0,.,,,,
1447,1,0,0,,,,
1448,0,0,.,,,,
1449,0,0,.,,,,
1450,1,1,1,,,,
1451,0,0,.,,,,
1452,0,0,.,,,,
1453,0,0,.,,,,
1454,1,0,0,,,,
1455,1,1,1,,,,
1456,1,0,0,,,,
1457,0,0,.,,,,
1458,0,0,.,,,,
1459,0,0,.,,,,
1460,0,0,.,,,,
1461,2,1,0.5,,,,
1462,2,1,0.5,,,,
1463,1,1,1,,,,
1464,0,0,.,,,,
1465,2,1,0.5,,,,
1466,0,0,.,,,,
1467,1,1,1,,,,
1468,1,0,0,,,,
1469,3,3,1,,,,
1470,2,2,1,,,,
1471,0,0,.,,,,
1472,1,1,1,,,,
1473,0,0,.,,,,
1474,0,0,.,,,,
1475,1,1,1,,,,
1476,0,0,.,,,,
1477,1,1,1,,,,
1478,0,0,.,,,,
1479,0,0,.,,,,
1480,0,0,.,,,,
1481,1,1,1,,,,
1482,0,0,.,,,,
1483,1,0,0,,,,
1484,1,0,0,,,,
1485,4,2,0.5,,,,
1486,0,0,.,,,,
1487,0,0,.,,,,
1488,1,1,1,,,,
1489,0,0,.,,,,
1490,1,0,0,,,,
1491,0,0,.,,,,
1492,0,0,.,,,,
1493,1,0,0,,,,
1494,0,0,.,,,,
1495,0,0,.,,,,
1496,0,0,.,,,,
1497,0,0,.,,,,
1498,1,1,1,,,,
1499,0,0,.,,,,
1500,0,0,.,,,,
1501,0,0,.,,,,
1502,0,0,.,,,,
1503,0,0,.,,,,
1504,0,0,.,,,,
1505,0,0,.,,,,
1506,3,1,0.333333333,,,,
1507,0,0,.,,,,
1508,0,0,.,,,,
1509,1,0,0,,,,
1510,0,0,.,,,,
1511,0,0,.,,,,
1512,0,0,.,,,,
1513,0,0,.,,,,
1514,0,0,.,,,,
1515,0,0,.,,,,
1516,0,0,.,,,,
1517,0,0,.,,,,
1518,0,0,.,,,,
1519,1,1,1,,,,
1520,0,0,.,,,,
1521,0,0,.,,,,
1522,0,0,.,,,,
1523,0,0,.,,,,
1524,1,1,1,,,,
1525,1,1,1,,,,
1526,0,0,.,,,,
1527,0,0,.,,,,
1528,0,0,.,,,,
1529,1,0,0,,,,
1530,0,0,.,,,,
1531,2,0,0,,,,
1532,2,0,0,,,,
1533,0,0,.,,,,
1534,0,0,.,,,,
1535,0,0,.,,,,
1536,0,0,.,,,,
1537,0,0,.,,,,
1538,1,1,1,,,,
1539,0,0,.,,,,
1540,0,0,.,,,,
1541,1,0,0,,,,
1542,1,0,0,,,,
1543,0,0,.,,,,
1544,0,0,.,,,,
1545,0,0,.,,,,
1546,0,0,.,,,,
1547,1,1,1,,,,
1548,0,0,.,,,,
1549,2,1,0.5,,,,
1550,0,0,.,,,,
1551,3,2,0.666666667,,,,
1552,0,0,.,,,,
1553,1,0,0,,,,
1554,1,1,1,,,,
1555,0,0,.,,,,
1556,0,0,.,,,,
1557,2,2,1,,,,
1558,0,0,.,,,,
1559,0,0,.,,,,
1560,1,0,0,,,,
1561,1,1,1,,,,
1562,1,1,1,,,,
1563,2,0,0,,,,
1564,1,1,1,,,,
1565,1,0,0,,,,
1566,0,0,.,,,,
1567,0,0,.,,,,
1568,1,1,1,,,,
1569,1,1,1,,,,
1570,0,0,.,,,,
1571,1,1,1,,,,
1572,1,1,1,,,,
1573,1,1,1,,,,
1574,0,0,.,,,,
1575,1,1,1,,,,
1576,1,0,0,,,,
1577,1,0,0,,,,
1578,1,1,1,,,,
1579,0,0,.,,,,
1580,1,1,1,,,,
1581,0,0,.,,,,
1582,1,0,0,,,,
1583,0,0,.,,,,
1584,1,0,0,,,,
1585,0,0,.,,,,
1586,1,1,1,,,,
1587,1,1,1,,,,
1588,0,0,.,,,,
1589,0,0,.,,,,
1590,0,0,.,,,,
1591,2,2,1,,,,
1592,0,0,.,,,,
1593,1,1,1,,,,
1594,1,0,0,,,,
1595,1,1,1,,,,
1596,2,1,0.5,,,,
1597,0,0,.,,,,
1598,0,0,.,,,,
1599,1,1,1,,,,
1600,1,1,1,,,,
1601,0,0,.,,,,
1602,4,1,0.25,,,,
1603,0,0,.,,,,
1604,0,0,.,,,,
1605,0,0,.,,,,
1606,0,0,.,,,,
1607,2,1,0.5,,,,
1608,0,0,.,,,,
1609,0,0,.,,,,
1610,1,1,1,,,,
1611,0,0,.,,,,
1612,0,0,.,,,,
,863,511,0.592894462,,,,
